peptide,redundancy,auc,auc_0.1,auc_swapped,auc_swapped_0.1,auc_10x,auc_10x_0.1,count
FLYALALLL,0.9,0.8123249299719888,0.6181630546955624,0.8697478991596639,0.6638655462184874,0.7663865546218487,0.6019460415745246,80.0
GILGFVFTL,0.9,0.7618505787997314,0.713354293639753,0.7491369390103566,0.7117174408979872,0.7633104298801973,0.7135457234523942,2741.0
GLCTLVAML,0.9,0.7420621632317576,0.5944601373750062,0.8351741716227699,0.6384653221839646,0.6900706864652024,0.5785778312663389,721.0
IMDQVPFSV,0.9,0.467032967032967,0.47368421052631576,0.6031746031746031,0.47368421052631576,0.3949579831932773,0.47368421052631576,33.0
KTWGQYWQV,0.9,0.5862068965517241,0.5952813067150635,0.6466666666666667,0.5964912280701755,0.5214285714285714,0.5939849624060151,39.0
LLFGYPVYV,0.9,0.5086363636363637,0.48708133971291867,0.5977142857142858,0.4766917293233083,0.449811320754717,0.4959285004965243,113.0
MLDLQPETT,0.9,0.5,0.47368421052631576,0.5571428571428572,0.47368421052631576,0.44666666666666666,0.49122807017543857,39.0
NLVPMVATV,0.9,0.5481139337952271,0.5197559569787913,0.6482116983146495,0.5092054088550133,0.49977905435262926,0.525276957307099,526.0
RMFPNAPYL,0.9,0.4375,0.47368421052631576,0.5555555555555556,0.5141700404858299,0.3567251461988304,0.47368421052631576,41.0
RTLNAWVKV,0.9,0.5116666666666667,0.506578947368421,0.64453125,0.506578947368421,0.475635593220339,0.506578947368421,91.0
total,0.9,0.7394593237485508,0.6437361763550232,0.736679192741863,0.6500335674650891,0.7401426240094788,0.6421961510070724,4424.0
FLYALALLL,0.95,0.8864734299516909,0.7148063395202984,0.9280223619846262,0.7601971385486778,0.8300094966761633,0.6911081121607437,119.0
GILGFVFTL,0.95,0.8632424053879993,0.8261501891265957,0.8704700805743307,0.8097667763813883,0.8622852869405353,0.8284007760837873,3357.0
GLCTLVAML,0.95,0.8556206756206757,0.7094531199794357,0.9251215277777778,0.7743786549707602,0.7942681992337165,0.682032667876588,969.0
IMDQVPFSV,0.95,0.6263736263736264,0.4910352805089647,0.8142857142857143,0.5112781954887218,0.4285714285714286,0.47368421052631576,46.0
KTWGQYWQV,0.95,0.7405764966740577,0.6545687944917726,0.8076923076923077,0.6577107103422892,0.6242424242424243,0.6650717703349283,52.0
LLFGYPVYV,0.95,0.6256999705275568,0.4778723998324724,0.760998810939358,0.48119406721321734,0.4926943308007013,0.4795287458857547,146.0
MLDLQPETT,0.95,0.5721925133689839,0.4990149169715733,0.6414141414141414,0.5162147793726741,0.4943181818181818,0.4916267942583732,45.0
NLVPMVATV,0.95,0.6559414316035559,0.5445714628013942,0.7950928872770335,0.5492366843390766,0.556979682071797,0.5450767670835157,669.0
RMFPNAPYL,0.95,0.5277777777777778,0.5175438596491229,0.6549707602339181,0.5290858725761773,0.4126984126984127,0.5071010860484545,49.0
RTLNAWVKV,0.95,0.491263440860215,0.506578947368421,0.6982758620689655,0.506578947368421,0.3974609375,0.506578947368421,109.0
total,0.95,0.841514172735103,0.7601587066091351,0.874980398573698,0.7685801685676811,0.8298527878811396,0.7578317708323998,5561.0
FLYALALLL,0.98,0.9329923273657289,0.7913581908736034,0.9494117647058824,0.7946336429308565,0.9022058823529411,0.8258513931888545,149.0
GILGFVFTL,0.98,0.8962458603701625,0.86765315092484,0.911437300669694,0.8565777200419907,0.8939641420643039,0.8693274720236356,3666.0
GLCTLVAML,0.98,0.8762623453356572,0.7481229494918741,0.9385362246236789,0.7975795425011394,0.8092965984300446,0.7141730731322689,1087.0
IMDQVPFSV,0.98,0.470383275261324,0.4755180634513112,0.6493506493506493,0.4805194805194805,0.2631578947368421,0.47368421052631576,48.0
KTWGQYWQV,0.98,0.7344028520499108,0.5993995684398161,0.8232323232323233,0.6384901648059542,0.5212121212121212,0.569377990430622,62.0
LLFGYPVYV,0.98,0.6678498985801218,0.48462688160563683,0.7797701149425287,0.4809437386569873,0.5302430751837196,0.48915533605069766,165.0
MLDLQPETT,0.98,0.6106719367588933,0.500728104847098,0.7363636363636363,0.5055821371610846,0.375,0.4916267942583732,57.0
NLVPMVATV,0.98,0.719330344890678,0.5543817920063171,0.8592830882352942,0.573577786377709,0.580677472227281,0.5550613923261989,779.0
RMFPNAPYL,0.98,0.5011820330969268,0.47368421052631576,0.72,0.47368421052631576,0.25252525252525254,0.47368421052631576,56.0
RTLNAWVKV,0.98,0.5368303571428572,0.49776785714285715,0.7247340425531915,0.48558230683090703,0.4009615384615384,0.506578947368421,128.0
total,0.98,0.8772195635585966,0.8067704395924996,0.9162374094715096,0.8117087355745571,0.8600331314302897,0.8056324496748968,6197.0
FLYALALLL,1.0,0.9421028253821213,0.7991272762731284,0.9576330532212884,0.8160843284682295,0.911764705882353,0.8268413852689178,161.0
GILGFVFTL,1.0,0.913484927783498,0.8889643199422748,0.9356141925914361,0.8842712907931773,0.9099282689789561,0.8899044144646018,3934.0
GLCTLVAML,1.0,0.9024586397058822,0.78214795375387,0.9512228919836486,0.8242514413241584,0.8421953934412193,0.7617631286023947,1228.0
IMDQVPFSV,1.0,0.5775075987841946,0.48488241881298993,0.7671957671957672,0.5488721804511278,0.32142857142857145,0.47368421052631576,54.0
KTWGQYWQV,1.0,0.7256778309409888,0.569377990430622,0.8227272727272728,0.569377990430622,0.49732620320855614,0.569377990430622,68.0
LLFGYPVYV,1.0,0.6311533888228299,0.47493585330746607,0.7889488990444538,0.47499617344149736,0.41991101223581756,0.4748551021602951,174.0
MLDLQPETT,1.0,0.7288401253918495,0.5759775614585052,0.8669623059866962,0.596218928696464,0.39572192513368987,0.5327891922319167,69.0
NLVPMVATV,1.0,0.7620834743918363,0.602431381932124,0.8807479094240347,0.6122482283883155,0.6362168626669324,0.6005581024516643,858.0
RMFPNAPYL,1.0,0.52,0.47368421052631576,0.7063492063492064,0.47368421052631576,0.2828282828282828,0.47368421052631576,59.0
RTLNAWVKV,1.0,0.46510416666666665,0.4928728070175439,0.6913265306122448,0.4797261009667025,0.3089788732394366,0.501945885841364,136.0
total,1.0,0.8982129861955337,0.8345228109652594,0.9357268272192165,0.8395867482162316,0.8798164558206327,0.8330885114907363,6741.0
