peptide,label,auc,auc_0.1,auc_swapped,auc_swapped_0.1,auc_10x,auc_10x_0.1,count
FLYALALLL,0.9,0.5219421101774043,0.4948154700476682,0.4012605042016807,0.4825298540468819,0.6184873949579832,0.5444493586908448,80.0
GILGFVFTL,0.9,0.7858806447789499,0.7263910635899931,0.7727752205600307,0.7748975430521067,0.7873854827343199,0.7209510960275954,2741.0
GLCTLVAML,0.9,0.6293951109622821,0.5076354162827996,0.5557349192863212,0.4837454724321424,0.6705251672280469,0.5508126072094701,721.0
IMDQVPFSV,0.9,0.3571428571428571,0.47368421052631576,0.3015873015873016,0.47368421052631576,0.38655462184873945,0.47368421052631576,33.0
KTWGQYWQV,0.9,0.6344827586206896,0.4900181488203267,0.6333333333333333,0.47368421052631576,0.6357142857142857,0.5939849624060151,39.0
LLFGYPVYV,0.9,0.40545454545454546,0.47368421052631576,0.3725714285714286,0.47368421052631576,0.4271698113207547,0.4788480635551142,113.0
MLDLQPETT,0.9,0.6517241379310345,0.5226860254083484,0.6142857142857143,0.47368421052631576,0.6866666666666666,0.631578947368421,39.0
NLVPMVATV,0.9,0.5331893019444237,0.4982035286383283,0.48661633493479756,0.47785845304177854,0.5556783031374282,0.5254707692784768,526.0
RMFPNAPYL,0.9,0.4513888888888889,0.4956140350877193,0.5299145299145299,0.47368421052631576,0.39766081871345027,0.5321637426900585,41.0
RTLNAWVKV,0.9,0.5308333333333333,0.5131578947368421,0.390625,0.47368421052631576,0.5688559322033898,0.5773862622658341,91.0
total,0.9,0.7433046823656247,0.6463012385752711,0.6637628379794592,0.6633344785144585,0.7628544672113804,0.6445632439893316,4424.0
FLYALALLL,0.95,0.8659420289855072,0.5622510382235782,0.8853948287910552,0.5395196586854978,0.8395061728395062,0.5996401259559154,119.0
GILGFVFTL,0.95,0.883824739188724,0.816945208153113,0.8903781774671911,0.8452024206466446,0.8829569059631107,0.8134404418623089,3357.0
GLCTLVAML,0.95,0.8395115995115995,0.7054002527686738,0.9032291666666667,0.732858187134503,0.783264367816092,0.688364589635007,969.0
IMDQVPFSV,0.95,0.3772893772893773,0.47368421052631576,0.6071428571428572,0.47368421052631576,0.13533834586466165,0.47368421052631576,46.0
KTWGQYWQV,0.95,0.7383592017738358,0.6055549072237134,0.8146853146853147,0.6172248803827751,0.6060606060606061,0.5853269537480064,52.0
LLFGYPVYV,0.95,0.6592985558502801,0.4935393301999473,0.7413793103448275,0.4912072094624194,0.5786090005844535,0.5029068873235104,146.0
MLDLQPETT,0.95,0.5053475935828877,0.47368421052631576,0.6212121212121212,0.494949494949495,0.375,0.47368421052631576,45.0
NLVPMVATV,0.95,0.7187701867175245,0.5454052400064112,0.8330619495226113,0.5727068392615764,0.6374881566480682,0.5392866839168666,669.0
RMFPNAPYL,0.95,0.5472222222222223,0.47368421052631576,0.695906432748538,0.47368421052631576,0.4126984126984127,0.47368421052631576,49.0
RTLNAWVKV,0.95,0.5873655913978495,0.5663554046406338,0.7629310344827587,0.5372050816696915,0.5078125,0.5795641447368421,109.0
total,0.95,0.8528792772688123,0.7442741367159972,0.8751606938185243,0.7829934217752877,0.8451152654339906,0.7325756239184533,5561.0
FLYALALLL,0.98,0.8884910485933504,0.6022344864719343,0.9180392156862744,0.6408668730650156,0.8330882352941177,0.5781733746130031,149.0
GILGFVFTL,0.98,0.9063283046928021,0.8670733018825209,0.9083234191815099,0.8896670285442321,0.9060286432280952,0.8638310039961047,3666.0
GLCTLVAML,0.98,0.8622266721054127,0.7335274627403604,0.925534960280541,0.7925510476972507,0.7941485813965421,0.7114322669842221,1087.0
IMDQVPFSV,0.98,0.578397212543554,0.47368421052631576,0.7077922077922078,0.47368421052631576,0.4285714285714286,0.47368421052631576,48.0
KTWGQYWQV,0.98,0.7754010695187166,0.6566282015198424,0.861111111111111,0.7288676236044658,0.5696969696969696,0.6172248803827751,62.0
LLFGYPVYV,0.98,0.7043610547667343,0.48782961460446245,0.8294252873563218,0.5087719298245614,0.5505935556811759,0.488857814405998,165.0
MLDLQPETT,0.98,0.541501976284585,0.47992510921572706,0.696969696969697,0.5055821371610846,0.25,0.47368421052631576,57.0
NLVPMVATV,0.98,0.7522070258896716,0.5529975107010964,0.8894990808823529,0.6028444272445821,0.616190129302495,0.5416183419758648,779.0
RMFPNAPYL,0.98,0.7092198581560285,0.47368421052631576,0.8266666666666667,0.543859649122807,0.5757575757575757,0.47368421052631576,56.0
RTLNAWVKV,0.98,0.5965401785714286,0.5700187969924813,0.7539893617021278,0.5492721164613662,0.4826923076923077,0.5850202429149798,128.0
total,0.98,0.885666256898881,0.7935941361688039,0.9203302396807133,0.8316130717669069,0.8703975978164069,0.7805221825946845,6197.0
FLYALALLL,1.0,0.8830477072718852,0.6605397235562274,0.9439775910364147,0.7607990564646911,0.7640218878248973,0.6749226006191951,161.0
GILGFVFTL,1.0,0.9208559624518029,0.8886648398539314,0.922390500106258,0.908010981433051,0.9206093285528918,0.8857772654015493,3934.0
GLCTLVAML,1.0,0.8954264322916667,0.7663153460397316,0.9495167324880481,0.8256280380852359,0.8285812141450466,0.7347916413175245,1228.0
IMDQVPFSV,1.0,0.5927051671732523,0.48488241881298993,0.7777777777777778,0.49317738791423005,0.34285714285714286,0.47368421052631576,54.0
KTWGQYWQV,1.0,0.8213716108452951,0.7078821455552757,0.8931818181818182,0.7368421052631579,0.6524064171122995,0.676329862088376,68.0
LLFGYPVYV,1.0,0.6868014268727705,0.49809124475874583,0.8059825508932281,0.5217895174163077,0.5272525027808677,0.49534570575493236,174.0
MLDLQPETT,1.0,0.719435736677116,0.48853324533905296,0.8514412416851441,0.5705449877465282,0.4010695187165775,0.47368421052631576,69.0
NLVPMVATV,1.0,0.788721768148184,0.5815029666830422,0.9011744808794513,0.6288739324586954,0.6694438907713773,0.5757791928495746,858.0
RMFPNAPYL,1.0,0.7666666666666666,0.5555555555555556,0.861111111111111,0.5864661654135338,0.6464646464646464,0.5374800637958532,59.0
RTLNAWVKV,1.0,0.5973958333333333,0.5367324561403509,0.75,0.5515574650912997,0.49207746478873243,0.5265011119347665,136.0
total,1.0,0.9045067927350223,0.8240911838220113,0.9399292070185596,0.8575399690097014,0.8871358836908636,0.8108724596309511,6741.0
