5152,NLVPMVATV,10x,4,0.35883772,0.0
3736,GLCTLVAML,10x,4,0.1506961,0.0
5133,GLCTLVAML,10x,4,0.5197204,0.0
2513,GLCTLVAML,swapped_1577,4,0.52519375,0.0
4947,NLVPMVATV,10x,4,0.6812698,0.0
2466,KTWGQYWQV,swapped_1642,4,0.016594352,0.0
6042,GLCTLVAML,10x,4,0.5656963,0.0
5810,NLVPMVATV,positive,4,0.6557097,1.0
6439,GLCTLVAML,10x,4,0.46526077,0.0
1421,LLFGYPVYV,swapped_231,4,0.5218121,0.0
3768,GLCTLVAML,10x,4,0.08798556,0.0
4006,IMDQVPFSV,swapped_2766,4,0.20876281,0.0
1175,GLCTLVAML,swapped_224,4,0.035800513,0.0
1969,NLVPMVATV,10x,4,0.6563918,0.0
2448,NLVPMVATV,swapped_1805,4,0.61987907,0.0
2472,GLCTLVAML,swapped_1586,4,0.31597275,0.0
5889,GLCTLVAML,positive,4,0.5080212,1.0
6266,YLLEMLWRL,10x,4,0.3807,0.0
2115,GLCTLVAML,10x,4,0.50050807,0.0
5419,GLCTLVAML,swapped_4235,4,0.46947625,0.0
2584,NLVPMVATV,swapped_1663,4,0.0064991354,0.0
1374,MLDLQPETT,swapped_88,4,0.060943693,0.0
5064,GLCTLVAML,10x,4,0.56925064,0.0
3500,GLCTLVAML,10x,4,0.45185283,0.0
5437,GLCTLVAML,swapped_4260,4,0.14113185,0.0
2433,NLVPMVATV,swapped_1746,4,0.30199343,0.0
910,GLCTLVAML,10x,4,0.25583082,0.0
4998,NLVPMVATV,10x,4,0.19897921,0.0
5428,NLVPMVATV,swapped_4320,4,0.00386499,0.0
5960,GLCTLVAML,positive,4,0.67618275,1.0
6902,FLYALALLL,swapped_5917,4,0.07502211,0.0
5850,GLCTLVAML,positive,4,0.44368976,1.0
2538,LLFGYPVYV,swapped_1772,4,0.07140954,0.0
6026,NLVPMVATV,10x,4,0.5238451,0.0
5327,IMDQVPFSV,swapped_4330,4,0.002570467,0.0
6086,LLFGYPVYV,10x,4,0.3465178,0.0
433,RTLNAWVKV,10x,4,0.07918948,0.0
358,NLVPMVATV,positive,4,0.6025934,1.0
744,GLCTLVAML,10x,4,0.4970345,0.0
2569,GLCTLVAML,swapped_1567,4,0.055310912,0.0
4761,GLCTLVAML,10x,4,0.6576808,0.0
6699,GLCTLVAML,swapped_5793,4,0.47012395,0.0
5429,GLCTLVAML,swapped_4204,4,0.103124276,0.0
2352,NLVPMVATV,10x,4,0.44306612,0.0
409,KVLEYVIKV,10x,4,0.38982412,0.0
1470,GLCTLVAML,swapped_165,4,0.41292173,0.0
3085,FLYALALLL,10x,4,0.62535375,0.0
6731,GLCTLVAML,swapped_5822,4,0.56165534,0.0
2135,LLFGYPVYV,10x,4,0.6053121,0.0
6912,FLYALALLL,swapped_5803,4,0.20131017,0.0
1206,FLYALALLL,10x,4,0.01097218,0.0
747,GLCTLVAML,10x,4,0.5730254,0.0
4300,GLCTLVAML,positive,4,0.5608017,1.0
5044,GLCTLVAML,10x,4,0.61605954,0.0
1238,GLCTLVAML,swapped_30,4,0.18317914,0.0
4658,RMFPNAPYL,10x,4,0.38112277,0.0
1836,GLCTLVAML,10x,4,0.55465597,0.0
2401,GLCTLVAML,10x,4,0.54189944,0.0
6600,NLVPMVATV,10x,4,0.5750774,0.0
4866,NLVPMVATV,10x,4,0.22005267,0.0
4059,SLFNTVATL,swapped_3021,4,0.029788492,0.0
3069,NLVPMVATV,10x,4,0.5604291,0.0
4036,GLCTLVAML,swapped_2727,4,0.011080182,0.0
2389,NLVPMVATV,10x,4,0.28539026,0.0
2190,FLYALALLL,10x,4,0.4072345,0.0
4010,GLCTLVAML,swapped_2970,4,0.0141487485,0.0
3879,GLCTLVAML,swapped_2785,4,0.61966133,0.0
9,RTLNAWVKV,positive,4,0.23016575,1.0
5657,GLCTLVAML,swapped_4329,4,0.123818144,0.0
748,GLCTLVAML,10x,4,0.100091934,0.0
1793,NLVPMVATV,positive,4,0.5206169,1.0
6049,SLLMWITQV,10x,4,0.32189044,0.0
5246,RTLNAWVKV,10x,4,0.3126388,0.0
5413,LLFGYPVYV,swapped_4506,4,0.43596053,0.0
3507,NLVPMVATV,10x,4,0.4603352,0.0
2503,FLYALALLL,swapped_1699,4,0.013970942,0.0
5106,NLVPMVATV,10x,4,0.4241054,0.0
2138,SLFNTVATL,10x,4,0.3999405,0.0
6823,RMFPNAPYL,swapped_5744,4,0.14043207,0.0
2097,NLVPMVATV,10x,4,0.60720414,0.0
781,GLCTLVAML,10x,4,0.10897465,0.0
5493,GLCTLVAML,swapped_4529,4,0.53897774,0.0
2760,GLCTLVAML,positive,4,0.2835872,1.0
1212,GLCTLVAML,swapped_39,4,0.18046963,0.0
1622,NLVPMVATV,positive,4,0.5181807,1.0
5227,YLLEMLWRL,10x,4,0.42209047,0.0
6410,NLVPMVATV,10x,4,0.68690276,0.0
2195,FLYALALLL,10x,4,0.43869156,0.0
5407,GLCTLVAML,swapped_4188,4,0.007932747,0.0
6765,GLCTLVAML,swapped_5922,4,0.23885675,0.0
1012,GLCTLVAML,10x,4,0.22235857,0.0
4142,NLVPMVATV,swapped_2810,4,0.46839768,0.0
5654,NLVPMVATV,swapped_4530,4,0.36760846,0.0
6138,GLCTLVAML,10x,4,0.34149203,0.0
5201,RTLNAWVKV,10x,4,0.36530346,0.0
614,GLCTLVAML,10x,4,0.572286,0.0
2585,NLVPMVATV,swapped_1615,4,0.40794337,0.0
2713,GLCTLVAML,positive,4,0.5897475,1.0
2476,GLCTLVAML,swapped_1721,4,0.0085290745,0.0
6074,GLCTLVAML,10x,4,0.53100604,0.0
4341,GLCTLVAML,positive,4,0.54124993,1.0
6620,NLVPMVATV,swapped_5763,4,0.044229448,0.0
5087,GLCTLVAML,10x,4,0.26773837,0.0
3987,GLCTLVAML,swapped_3058,4,0.09580024,0.0
3611,NLVPMVATV,10x,4,0.57793957,0.0
1706,GLCTLVAML,positive,4,0.5572702,1.0
439,GLCTLVAML,10x,4,0.31487885,0.0
571,GLCTLVAML,10x,4,0.54920274,0.0
4134,GLCTLVAML,swapped_2985,4,0.60483193,0.0
1008,GLCTLVAML,10x,4,0.61721957,0.0
6103,GLCTLVAML,10x,4,0.63545316,0.0
1367,GLCTLVAML,swapped_237,4,0.18869427,0.0
5450,GLCTLVAML,swapped_4325,4,0.58376545,0.0
6803,KTWGQYWQV,swapped_6000,4,0.037757576,0.0
2769,GLCTLVAML,positive,4,0.69394517,1.0
4950,GLCTLVAML,10x,4,0.48981965,0.0
4864,GLCTLVAML,10x,4,0.65794396,0.0
2659,GLCTLVAML,swapped_1715,4,0.13206345,0.0
1701,KVLEYVIKV,positive,4,0.20166637,1.0
3886,GLCTLVAML,swapped_2743,4,0.20411359,0.0
5103,KTWGQYWQV,10x,4,0.21647368,0.0
5633,GLCTLVAML,swapped_4331,4,0.14371607,0.0
942,GLCTLVAML,10x,4,0.6519346,0.0
6781,GLCTLVAML,swapped_5888,4,0.13239509,0.0
5072,GLCTLVAML,10x,4,0.37299293,0.0
292,NLVPMVATV,positive,4,0.5826574,1.0
600,NLVPMVATV,10x,4,0.6681385,0.0
5557,NLVPMVATV,swapped_4407,4,0.40278742,0.0
5449,GLCTLVAML,swapped_4175,4,0.32152316,0.0
174,NLVPMVATV,positive,4,0.4252023,1.0
4778,NLVPMVATV,10x,4,0.6175951,0.0
6726,GLCTLVAML,swapped_5890,4,0.062521055,0.0
4002,GLCTLVAML,swapped_2758,4,0.5400984,0.0
5014,NLVPMVATV,10x,4,0.50288504,0.0
2598,NLVPMVATV,swapped_1676,4,0.11771487,0.0
5329,NLVPMVATV,swapped_4489,4,0.057977818,0.0
3977,MLDLQPETT,swapped_2890,4,0.034198362,0.0
3456,NLVPMVATV,10x,4,0.4697254,0.0
3650,NLVPMVATV,10x,4,0.6129309,0.0
1494,FLYALALLL,swapped_26,4,0.12024215,0.0
6869,NLVPMVATV,swapped_5943,4,0.080588795,0.0
5670,NLVPMVATV,swapped_4247,4,0.0033055975,0.0
5263,CLGGLLTMV,10x,4,0.59970003,0.0
6428,NLVPMVATV,10x,4,0.41260996,0.0
5285,GLCTLVAML,10x,4,0.55661714,0.0
666,GLCTLVAML,10x,4,0.6017183,0.0
2288,LLFGYPVYV,10x,4,0.3863939,0.0
3860,MLDLQPETT,swapped_2721,4,0.007570603,0.0
6206,LLFGYPVYV,10x,4,0.58018154,0.0
5549,NLVPMVATV,swapped_4308,4,0.45305693,0.0
2637,GLCTLVAML,swapped_1534,4,0.60008216,0.0
5333,GLCTLVAML,swapped_4432,4,0.17851985,0.0
4109,FLYALALLL,swapped_2986,4,0.34553373,0.0
5395,GLCTLVAML,swapped_4476,4,0.10455721,0.0
69,GLCTLVAML,positive,4,0.6839837,1.0
5458,NLVPMVATV,swapped_4298,4,0.3243391,0.0
3080,NLVPMVATV,10x,4,0.5814368,0.0
800,GLCTLVAML,10x,4,0.259706,0.0
1018,GLCTLVAML,10x,4,0.38616782,0.0
6744,GLCTLVAML,swapped_5796,4,0.48092195,0.0
2096,NLVPMVATV,10x,4,0.42236817,0.0
5801,GLCTLVAML,positive,4,0.62039226,1.0
2772,NLVPMVATV,positive,4,0.5235102,1.0
3168,GLCTLVAML,10x,4,0.34415027,0.0
2397,GLCTLVAML,10x,4,0.4673791,0.0
4195,NLVPMVATV,positive,4,0.5768902,1.0
6463,IMDQVPFSV,10x,4,0.57710296,0.0
6284,NLVPMVATV,10x,4,0.58679086,0.0
3087,RTLNAWVKV,10x,4,0.28401417,0.0
1457,FLYALALLL,swapped_239,4,0.5411134,0.0
3984,NLVPMVATV,swapped_2709,4,0.017971536,0.0
2333,GLCTLVAML,10x,4,0.40927213,0.0
4298,SLFNTVATL,positive,4,0.29439104,1.0
3866,NLVPMVATV,swapped_2734,4,0.0137363495,0.0
2649,KTWGQYWQV,swapped_1560,4,0.30962864,0.0
5789,FLYALALLL,positive,4,0.6274649,1.0
6230,GLCTLVAML,10x,4,0.331362,0.0
1746,KVLEYVIKV,positive,4,0.24670954,1.0
4698,NLVPMVATV,10x,4,0.21256523,0.0
1140,SLLMWITQV,10x,4,0.46817386,0.0
3062,NLVPMVATV,positive,4,0.649388,1.0
4547,FLYALALLL,positive,4,0.6378001,1.0
1881,GLCTLVAML,10x,4,0.56403,0.0
2327,NLVPMVATV,10x,4,0.31673107,0.0
5331,GLCTLVAML,swapped_4553,4,0.5206227,0.0
1938,MLDLQPETT,10x,4,0.40677562,0.0
4764,FLYALALLL,10x,4,0.68688816,0.0
5591,NLVPMVATV,swapped_4192,4,0.010395189,0.0
6843,GLCTLVAML,swapped_5996,4,0.6136671,0.0
2340,GLCTLVAML,10x,4,0.46003053,0.0
2484,GLCTLVAML,swapped_1557,4,0.059391968,0.0
3331,GLCTLVAML,10x,4,0.5425454,0.0
5328,GLCTLVAML,swapped_4203,4,0.48210064,0.0
6850,GLCTLVAML,swapped_5716,4,0.5417804,0.0
1231,FLYALALLL,swapped_138,4,0.034752663,0.0
3818,GLCTLVAML,swapped_2751,4,0.03347468,0.0
1181,MLDLQPETT,swapped_240,4,0.29880893,0.0
2478,GLCTLVAML,swapped_1814,4,0.090003654,0.0
76,GLCTLVAML,positive,4,0.64613694,1.0
1278,NLVPMVATV,swapped_94,4,0.62593436,0.0
2815,GLCTLVAML,positive,4,0.055461925,1.0
2370,NLVPMVATV,10x,4,0.4072426,0.0
4337,GLCTLVAML,positive,4,0.60960394,1.0
6704,LLFGYPVYV,swapped_5767,4,0.17181276,0.0
3810,GLCTLVAML,swapped_2896,4,0.33062035,0.0
5371,NLVPMVATV,swapped_4193,4,0.057647627,0.0
5350,GLCTLVAML,swapped_4363,4,0.0053965575,0.0
5753,GLCTLVAML,positive,4,0.66265357,1.0
5995,LLFGYPVYV,positive,4,0.53598356,1.0
4844,GLCTLVAML,10x,4,0.2586813,0.0
5488,IMDQVPFSV,swapped_4265,4,0.42496806,0.0
1442,GLCTLVAML,swapped_17,4,0.2556425,0.0
4655,NLVPMVATV,10x,4,0.5317857,0.0
6760,GLCTLVAML,swapped_5785,4,0.33191547,0.0
5035,RTLNAWVKV,10x,4,0.22452274,0.0
1562,NLVPMVATV,positive,4,0.5455885,1.0
5047,NLVPMVATV,10x,4,0.14482252,0.0
5824,NLVPMVATV,positive,4,0.61700016,1.0
105,LLFGYPVYV,positive,4,0.53502315,1.0
2270,SLFNTVATL,10x,4,0.6232236,0.0
1158,GLCTLVAML,swapped_306,4,0.005221656,0.0
404,RTLNAWVKV,10x,4,0.44520748,0.0
3054,KTWGQYWQV,positive,4,0.26760313,1.0
246,NLVPMVATV,positive,4,0.5423154,1.0
1304,RTLNAWVKV,swapped_192,4,0.06403286,0.0
3175,RTLNAWVKV,10x,4,0.5028165,0.0
3599,NLVPMVATV,10x,4,0.33815515,0.0
4917,GLCTLVAML,10x,4,0.49058527,0.0
5394,NLVPMVATV,swapped_4403,4,0.057911284,0.0
4075,NLVPMVATV,swapped_2976,4,0.09584123,0.0
6596,NLVPMVATV,10x,4,0.52564216,0.0
816,FLYALALLL,10x,4,0.2599655,0.0
1021,NLVPMVATV,10x,4,0.65186185,0.0
5498,NLVPMVATV,swapped_4302,4,0.54441243,0.0
5408,NLVPMVATV,swapped_4457,4,0.47650984,0.0
1849,LLFGYPVYV,10x,4,0.068436205,0.0
2514,NLVPMVATV,swapped_1729,4,0.101404354,0.0
2595,GLCTLVAML,swapped_1707,4,0.009730874,0.0
1335,NLVPMVATV,swapped_125,4,0.10126544,0.0
6134,RTLNAWVKV,10x,4,0.20428894,0.0
1161,MLDLQPETT,swapped_157,4,0.16708682,0.0
2221,GLCTLVAML,10x,4,0.36652282,0.0
5161,RTLNAWVKV,10x,4,0.052130096,0.0
6868,GLCTLVAML,swapped_5833,4,0.09838628,0.0
5053,GLCTLVAML,10x,4,0.38901702,0.0
6737,GLCTLVAML,swapped_5724,4,0.095688246,0.0
1870,GLCTLVAML,10x,4,0.4975531,0.0
5859,NLVPMVATV,positive,4,0.51598406,1.0
176,LLFGYPVYV,positive,4,0.5532285,1.0
1216,NLVPMVATV,swapped_261,4,0.5660886,0.0
1183,GLCTLVAML,swapped_198,4,0.15971908,0.0
5971,NLVPMVATV,positive,4,0.34412298,1.0
1259,LLFGYPVYV,swapped_327,4,0.6144017,0.0
3565,IMDQVPFSV,10x,4,0.39122817,0.0
6551,GLCTLVAML,10x,4,0.6477849,0.0
5723,IMDQVPFSV,positive,4,0.23801494,1.0
5603,GLCTLVAML,swapped_4426,4,0.009971047,0.0
774,GLCTLVAML,10x,4,0.24444003,0.0
5024,FLYALALLL,10x,4,0.45188704,0.0
1177,GLCTLVAML,swapped_135,4,0.06979347,0.0
1299,NLVPMVATV,swapped_228,4,0.060673967,0.0
5725,RTLNAWVKV,positive,4,0.49213383,1.0
6048,RTLNAWVKV,10x,4,0.45783037,0.0
6662,NLVPMVATV,swapped_5840,4,0.4499939,0.0
6406,GLCTLVAML,10x,4,0.46937704,0.0
3982,NLVPMVATV,swapped_2950,4,0.17169766,0.0
3816,GLCTLVAML,swapped_2741,4,0.097836986,0.0
2405,RTLNAWVKV,swapped_1530,4,0.04394003,0.0
6515,GLCTLVAML,10x,4,0.19266814,0.0
6644,NLVPMVATV,swapped_5756,4,0.38786402,0.0
5858,NLVPMVATV,positive,4,0.30172634,1.0
4001,YLLEMLWRL,swapped_2868,4,0.06559225,0.0
6485,NLVPMVATV,10x,4,0.18794528,0.0
6842,GLCTLVAML,swapped_5992,4,0.08828609,0.0
2608,LLFGYPVYV,swapped_1562,4,0.48111293,0.0
1346,LLFGYPVYV,swapped_174,4,0.35907692,0.0
4480,NLVPMVATV,positive,4,0.46808022,1.0
5703,GLCTLVAML,swapped_4251,4,0.04957553,0.0
2132,GLCTLVAML,10x,4,0.49536523,0.0
5221,NLVPMVATV,10x,4,0.33508548,0.0
6787,NLVPMVATV,swapped_5754,4,0.3454644,0.0
2223,KTWGQYWQV,10x,4,0.07066299,0.0
6198,GLCTLVAML,10x,4,0.50140536,0.0
4025,NLVPMVATV,swapped_2939,4,0.39259335,0.0
5332,NLVPMVATV,swapped_4179,4,0.04826307,0.0
3960,GLCTLVAML,swapped_3025,4,0.08490406,0.0
4916,NLVPMVATV,10x,4,0.35588625,0.0
1396,LLFGYPVYV,swapped_36,4,0.3472318,0.0
1424,GLCTLVAML,swapped_67,4,0.24128139,0.0
4741,GLCTLVAML,10x,4,0.38433197,0.0
3955,GLCTLVAML,swapped_3011,4,0.1419125,0.0
5490,GLCTLVAML,swapped_4498,4,0.21703854,0.0
5471,NLVPMVATV,swapped_4469,4,0.3882475,0.0
5478,FLYALALLL,swapped_4415,4,0.004056803,0.0
6867,KTWGQYWQV,swapped_5818,4,0.21255371,0.0
5619,IMDQVPFSV,swapped_4225,4,0.06567169,0.0
1029,GLCTLVAML,10x,4,0.49344197,0.0
4097,GLCTLVAML,swapped_2834,4,0.29783407,0.0
2414,NLVPMVATV,swapped_1558,4,0.29308647,0.0
2438,NLVPMVATV,swapped_1561,4,0.47970873,0.0
4943,NLVPMVATV,10x,4,0.5149397,0.0
1880,NLVPMVATV,10x,4,0.13195927,0.0
5483,NLVPMVATV,swapped_4419,4,0.4413743,0.0
1413,GLCTLVAML,swapped_139,4,0.28231505,0.0
4421,GLCTLVAML,positive,4,0.67881256,1.0
5400,GLCTLVAML,swapped_4537,4,0.24334228,0.0
6044,NLVPMVATV,10x,4,0.12061447,0.0
3738,NLVPMVATV,10x,4,0.21588707,0.0
2750,GLCTLVAML,positive,4,0.53292775,1.0
4755,MLDLQPETT,10x,4,0.46757042,0.0
3776,GLCTLVAML,10x,4,0.52167886,0.0
3276,GLCTLVAML,10x,4,0.58323234,0.0
6723,GLCTLVAML,swapped_5869,4,0.37505528,0.0
6890,GLCTLVAML,swapped_5978,4,0.2977786,0.0
1818,GLCTLVAML,10x,4,0.6282896,0.0
5021,GLCTLVAML,10x,4,0.37523398,0.0
5045,NLVPMVATV,10x,4,0.46071327,0.0
2654,NLVPMVATV,swapped_1588,4,0.4816542,0.0
5601,GLCTLVAML,swapped_4254,4,0.10657108,0.0
1975,NLVPMVATV,10x,4,0.46305832,0.0
5628,GLCTLVAML,swapped_4196,4,0.2301803,0.0
126,NLVPMVATV,positive,4,0.43514484,1.0
2596,GLCTLVAML,swapped_1550,4,0.07929701,0.0
1054,NLVPMVATV,10x,4,0.6132145,0.0
4132,NLVPMVATV,swapped_2987,4,0.08991019,0.0
3662,GLCTLVAML,10x,4,0.27163363,0.0
4988,GLCTLVAML,10x,4,0.4577877,0.0
1074,GLCTLVAML,10x,4,0.24105234,0.0
1496,NLVPMVATV,swapped_334,4,0.42616534,0.0
668,RTLNAWVKV,10x,4,0.15974297,0.0
511,GLCTLVAML,10x,4,0.14921236,0.0
1422,NLVPMVATV,swapped_9,4,0.3419982,0.0
2528,RMFPNAPYL,swapped_1654,4,0.19512522,0.0
3540,NLVPMVATV,10x,4,0.53224653,0.0
1437,IMDQVPFSV,swapped_356,4,0.25519967,0.0
1048,NLVPMVATV,10x,4,0.11655569,0.0
4897,NLVPMVATV,10x,4,0.29836932,0.0
6573,NLVPMVATV,10x,4,0.2199787,0.0
1094,YLLEMLWRL,10x,4,0.55515754,0.0
2677,GLCTLVAML,swapped_1533,4,0.37879774,0.0
5716,NLVPMVATV,positive,4,0.5210612,1.0
4895,GLCTLVAML,10x,4,0.13510093,0.0
1574,NLVPMVATV,positive,4,0.6115733,1.0
3772,NLVPMVATV,10x,4,0.47661537,0.0
1871,RTLNAWVKV,10x,4,0.36490613,0.0
829,NLVPMVATV,10x,4,0.53970385,0.0
3876,NLVPMVATV,swapped_2854,4,0.20190068,0.0
1733,GLCTLVAML,positive,4,0.6873102,1.0
1366,GLCTLVAML,swapped_358,4,0.62128174,0.0
5746,GLCTLVAML,positive,4,0.69984806,1.0
5950,GLCTLVAML,positive,4,0.59754336,1.0
5576,NLVPMVATV,swapped_4183,4,0.05091904,0.0
4545,MLDLQPETT,positive,4,0.380484,1.0
1306,LLFGYPVYV,swapped_351,4,0.0061766678,0.0
6761,NLVPMVATV,swapped_5960,4,0.6582991,0.0
20,GLCTLVAML,positive,4,0.6443119,1.0
1738,LLFGYPVYV,positive,4,0.39840892,1.0
1321,KLQCVDLHV,swapped_4,4,0.008265603,0.0
5545,GLCTLVAML,swapped_4399,4,0.06779377,0.0
5438,NLVPMVATV,swapped_4218,4,0.30287898,0.0
6672,GLCTLVAML,swapped_5961,4,0.109513156,0.0
6734,GLCTLVAML,swapped_5856,4,0.48467895,0.0
5756,KTWGQYWQV,positive,4,0.16341756,1.0
2008,YLLEMLWRL,10x,4,0.5408374,0.0
2410,NLVPMVATV,swapped_1619,4,0.17984384,0.0
509,KTWGQYWQV,10x,4,0.20404245,0.0
2077,SLFNTVATL,10x,4,0.3251247,0.0
5599,GLCTLVAML,swapped_4450,4,0.20610648,0.0
4884,RTLNAWVKV,10x,4,0.4817882,0.0
5283,NLVPMVATV,10x,4,0.40894434,0.0
4057,GLCTLVAML,swapped_2926,4,0.0068559647,0.0
6893,LLFGYPVYV,swapped_5982,4,0.12762162,0.0
4533,NLVPMVATV,positive,4,0.43221527,1.0
3655,RTLNAWVKV,10x,4,0.5673386,0.0
1334,GLCTLVAML,swapped_225,4,0.17690957,0.0
5267,RTLNAWVKV,10x,4,0.36605242,0.0
1435,GLCTLVAML,swapped_59,4,0.1902895,0.0
488,GLCTLVAML,10x,4,0.25729743,0.0
6897,GLCTLVAML,swapped_5866,4,0.5907313,0.0
6380,RTLNAWVKV,10x,4,0.19780225,0.0
291,LLFGYPVYV,positive,4,0.450607,1.0
1293,NLVPMVATV,swapped_245,4,0.16220206,0.0
6294,GLCTLVAML,10x,4,0.42993975,0.0
5089,GLCTLVAML,10x,4,0.40002415,0.0
3036,KVLEYVIKV,positive,4,0.22273095,1.0
4135,GLCTLVAML,swapped_2997,4,0.0068407734,0.0
6565,NLVPMVATV,10x,4,0.17809908,0.0
6673,GLCTLVAML,swapped_5897,4,0.615893,0.0
3588,RMFPNAPYL,10x,4,0.4852601,0.0
5325,MLDLQPETT,swapped_4293,4,0.03721276,0.0
2849,NLVPMVATV,positive,4,0.15895066,1.0
6859,LLFGYPVYV,swapped_5819,4,0.01615767,0.0
1114,NLVPMVATV,10x,4,0.6829448,0.0
3299,IMDQVPFSV,10x,4,0.5231408,0.0
3902,NLVPMVATV,swapped_2733,4,0.59696126,0.0
4333,GLCTLVAML,positive,4,0.62616867,1.0
6661,GLCTLVAML,swapped_5962,4,0.017395925,0.0
5607,GLCTLVAML,swapped_4547,4,0.6447686,0.0
1222,NLVPMVATV,swapped_199,4,0.10697253,0.0
124,MLDLQPETT,positive,4,0.24883075,1.0
1459,NLVPMVATV,swapped_264,4,0.007956664,0.0
2342,FLYALALLL,10x,4,0.3796359,0.0
5635,SLFNTVATL,swapped_4496,4,0.049250808,0.0
715,NLVPMVATV,10x,4,0.6689182,0.0
2172,RTLNAWVKV,10x,4,0.27794036,0.0
4055,RTLNAWVKV,swapped_2818,4,0.21000397,0.0
3841,NLVPMVATV,swapped_3005,4,0.09857543,0.0
5254,NLVPMVATV,10x,4,0.62255394,0.0
1649,GLCTLVAML,positive,4,0.581658,1.0
3878,NLVPMVATV,swapped_2819,4,0.2164403,0.0
1360,GLCTLVAML,swapped_310,4,0.023926575,0.0
1589,NLVPMVATV,positive,4,0.48689666,1.0
4989,LLFGYPVYV,10x,4,0.6335652,0.0
1027,YLLEMLWRL,10x,4,0.40880367,0.0
5583,GLCTLVAML,swapped_4492,4,0.3343377,0.0
3694,GLCTLVAML,10x,4,0.053193703,0.0
1223,GLCTLVAML,swapped_291,4,0.5417311,0.0
2638,GLCTLVAML,swapped_1685,4,0.07528541,0.0
5343,IMDQVPFSV,swapped_4194,4,0.0170961,0.0
1823,NLVPMVATV,10x,4,0.43136853,0.0
4184,GLCTLVAML,positive,4,0.49452233,1.0
1391,FLYALALLL,swapped_361,4,0.07317431,0.0
1122,GLCTLVAML,10x,4,0.4967191,0.0
5602,NLVPMVATV,swapped_4523,4,0.12787628,0.0
1517,GLCTLVAML,swapped_345,4,0.51098144,0.0
778,GLCTLVAML,10x,4,0.4203599,0.0
4996,GLCTLVAML,10x,4,0.33137086,0.0
995,NLVPMVATV,10x,4,0.4653009,0.0
6756,NLVPMVATV,swapped_5905,4,0.42559212,0.0
1415,NLVPMVATV,swapped_149,4,0.020825215,0.0
2007,GLCTLVAML,10x,4,0.45799974,0.0
2560,NLVPMVATV,swapped_1601,4,0.0073120757,0.0
1760,GLCTLVAML,positive,4,0.57043546,1.0
5324,GLCTLVAML,swapped_4233,4,0.4319099,0.0
5464,GLCTLVAML,swapped_4259,4,0.06379046,0.0
4148,NLVPMVATV,swapped_2877,4,0.30401024,0.0
3537,LLFGYPVYV,10x,4,0.53442365,0.0
1687,MLDLQPETT,positive,4,0.4839135,1.0
3110,NLVPMVATV,10x,4,0.52121013,0.0
1356,NLVPMVATV,swapped_152,4,0.06434056,0.0
48,GLCTLVAML,positive,4,0.5956563,1.0
3976,GLCTLVAML,swapped_2704,4,0.22183183,0.0
1239,GLCTLVAML,swapped_269,4,0.11108891,0.0
5888,NLVPMVATV,positive,4,0.12035015,1.0
1019,GLCTLVAML,10x,4,0.6746182,0.0
6061,GLCTLVAML,10x,4,0.43559897,0.0
5036,NLVPMVATV,10x,4,0.6074927,0.0
5296,GLCTLVAML,10x,4,0.39954275,0.0
1323,GLCTLVAML,swapped_201,4,0.10091809,0.0
1896,NLVPMVATV,10x,4,0.58428663,0.0
6396,NLVPMVATV,10x,4,0.4881738,0.0
5417,SLFNTVATL,swapped_4519,4,0.10989036,0.0
2946,GLCTLVAML,positive,4,0.5141715,1.0
407,GLCTLVAML,10x,4,0.524078,0.0
465,GLCTLVAML,10x,4,0.603971,0.0
5426,GLCTLVAML,swapped_4202,4,0.00809228,0.0
5704,GLCTLVAML,swapped_4500,4,0.054566808,0.0
5396,IMDQVPFSV,swapped_4299,4,0.4603402,0.0
2449,KTWGQYWQV,swapped_1811,4,0.15756577,0.0
5881,GLCTLVAML,positive,4,0.5700061,1.0
5495,GLCTLVAML,swapped_4541,4,0.459531,0.0
3187,NLVPMVATV,10x,4,0.3478341,0.0
4744,GLCTLVAML,10x,4,0.5351379,0.0
5339,GLCTLVAML,swapped_4453,4,0.5473768,0.0
1336,NLVPMVATV,swapped_326,4,0.028977958,0.0
1959,NLVPMVATV,10x,4,0.44772974,0.0
5621,GLCTLVAML,swapped_4227,4,0.5618804,0.0
2402,NLVPMVATV,swapped_1664,4,0.009159157,0.0
2373,GLCTLVAML,10x,4,0.50510865,0.0
3964,GLCTLVAML,swapped_2839,4,0.008581914,0.0
5386,FLYALALLL,swapped_4266,4,0.4591114,0.0
5410,NLVPMVATV,swapped_4208,4,0.39442265,0.0
6689,NLVPMVATV,swapped_5729,4,0.006544595,0.0
4265,NLVPMVATV,positive,4,0.5187554,1.0
5477,LLFGYPVYV,swapped_4475,4,0.0667973,0.0
3981,GLCTLVAML,swapped_2849,4,0.1741488,0.0
1351,NLVPMVATV,swapped_284,4,0.41869417,0.0
789,NLVPMVATV,10x,4,0.48227364,0.0
5613,GLCTLVAML,swapped_4514,4,0.10370542,0.0
5420,NLVPMVATV,swapped_4501,4,0.0038660069,0.0
943,NLVPMVATV,10x,4,0.35606295,0.0
2720,GLCTLVAML,positive,4,0.6591617,1.0
6631,LLFGYPVYV,swapped_5986,4,0.37892407,0.0
5060,RTLNAWVKV,10x,4,0.29847303,0.0
2298,GLCTLVAML,10x,4,0.45630565,0.0
1924,FLYALALLL,10x,4,0.6333457,0.0
6460,LLFGYPVYV,10x,4,0.28204894,0.0
2660,GLCTLVAML,swapped_1532,4,0.07414964,0.0
3496,GLCTLVAML,10x,4,0.3405494,0.0
4086,NLVPMVATV,swapped_2755,4,0.6003408,0.0
1439,GLCTLVAML,swapped_288,4,0.015022331,0.0
2601,SLLMWITQV,swapped_1798,4,0.00597553,0.0
1933,GLCTLVAML,10x,4,0.36899817,0.0
3584,LLFGYPVYV,10x,4,0.5362725,0.0
4647,MLDLQPETT,10x,4,0.24833028,0.0
4668,RTLNAWVKV,10x,4,0.62722045,0.0
3904,GLCTLVAML,swapped_2920,4,0.43048677,0.0
5503,NLVPMVATV,swapped_4333,4,0.60785455,0.0
939,YLLEMLWRL,10x,4,0.108220406,0.0
5362,GLCTLVAML,swapped_4224,4,0.0891458,0.0
3608,GLCTLVAML,10x,4,0.55694705,0.0
4196,RMFPNAPYL,positive,4,0.12411551,1.0
6540,NLVPMVATV,10x,4,0.49140266,0.0
718,NLVPMVATV,10x,4,0.18855458,0.0
6447,GLCTLVAML,10x,4,0.5569944,0.0
2450,NLVPMVATV,swapped_1655,4,0.009458923,0.0
6373,NLVPMVATV,10x,4,0.49713352,0.0
3571,GLCTLVAML,10x,4,0.54784393,0.0
2609,FLYALALLL,swapped_1628,4,0.20380944,0.0
1456,RTLNAWVKV,swapped_91,4,0.01849235,0.0
3794,GLCTLVAML,10x,4,0.6717389,0.0
1246,NLVPMVATV,swapped_208,4,0.2841365,0.0
2480,NLVPMVATV,swapped_1708,4,0.010189122,0.0
3721,MLDLQPETT,10x,4,0.3888248,0.0
3897,RMFPNAPYL,swapped_2956,4,0.005306806,0.0
4774,RTLNAWVKV,10x,4,0.13989154,0.0
1553,GLCTLVAML,positive,4,0.5528462,1.0
4027,KTWGQYWQV,swapped_3002,4,0.16224743,0.0
2204,RTLNAWVKV,10x,4,0.19387762,0.0
4101,NLVPMVATV,swapped_2787,4,0.09108581,0.0
4678,LLFGYPVYV,10x,4,0.3341238,0.0
2545,KVLEYVIKV,swapped_1575,4,0.4181277,0.0
6549,LLFGYPVYV,10x,4,0.40329587,0.0
6753,SLLMWITQV,swapped_5757,4,0.4311587,0.0
652,GLCTLVAML,10x,4,0.5898965,0.0
5459,SLLMWITQV,swapped_4554,4,0.42949918,0.0
6873,FLYALALLL,swapped_5899,4,0.43253192,0.0
5764,NLVPMVATV,positive,4,0.6934676,1.0
4345,NLVPMVATV,positive,4,0.40043768,1.0
4697,SLFNTVATL,10x,4,0.37462515,0.0
818,GLCTLVAML,10x,4,0.42621797,0.0
4776,NLVPMVATV,10x,4,0.2873968,0.0
3578,NLVPMVATV,10x,4,0.501335,0.0
5005,GLCTLVAML,10x,4,0.5608056,0.0
3994,LLFGYPVYV,swapped_3037,4,0.037083615,0.0
3664,NLVPMVATV,10x,4,0.6568501,0.0
4388,GLCTLVAML,positive,4,0.3341423,1.0
2025,GLCTLVAML,10x,4,0.2164391,0.0
1615,SLFNTVATL,positive,4,0.37909737,1.0
4012,GLCTLVAML,swapped_2742,4,0.2341094,0.0
5078,LLFGYPVYV,10x,4,0.5146631,0.0
6638,FLYALALLL,swapped_5901,4,0.06998916,0.0
5330,RMFPNAPYL,swapped_4449,4,0.0024127709,0.0
1534,FLYALALLL,positive,4,0.5930915,1.0
1464,GLCTLVAML,swapped_83,4,0.4912854,0.0
4039,GLCTLVAML,swapped_2795,4,0.15454146,0.0
4377,GLCTLVAML,positive,4,0.6769693,1.0
3218,GLCTLVAML,10x,4,0.62520146,0.0
4021,NLVPMVATV,swapped_2921,4,0.29424453,0.0
4103,GLCTLVAML,swapped_2771,4,0.06963324,0.0
6829,NLVPMVATV,swapped_5770,4,0.108672775,0.0
5634,GLCTLVAML,swapped_4394,4,0.06300794,0.0
5130,GLCTLVAML,10x,4,0.63782054,0.0
94,GLCTLVAML,positive,4,0.645069,1.0
6258,GLCTLVAML,10x,4,0.24965763,0.0
1460,NLVPMVATV,swapped_296,4,0.07052402,0.0
4016,NLVPMVATV,swapped_2907,4,0.08013488,0.0
3244,LLFGYPVYV,10x,4,0.40786397,0.0
2855,NLVPMVATV,positive,4,0.51798207,1.0
2539,FLYALALLL,swapped_1803,4,0.49453527,0.0
4136,GLCTLVAML,swapped_3057,4,0.25316358,0.0
359,GLCTLVAML,positive,4,0.6765773,1.0
955,RTLNAWVKV,10x,4,0.42676887,0.0
5070,RMFPNAPYL,10x,4,0.38910508,0.0
6601,NLVPMVATV,10x,4,0.4026322,0.0
6881,NLVPMVATV,swapped_5799,4,0.39070258,0.0
6789,GLCTLVAML,swapped_5779,4,0.31116852,0.0
4203,NLVPMVATV,positive,4,0.46294776,1.0
3761,ILKEPVHGV,10x,4,0.21723032,0.0
415,GLCTLVAML,10x,4,0.5961284,0.0
6678,FLYALALLL,swapped_5983,4,0.36327052,0.0
2074,KVLEYVIKV,10x,4,0.17551313,0.0
536,NLVPMVATV,10x,4,0.53584045,0.0
5700,GLCTLVAML,swapped_4551,4,0.1631859,0.0
4095,FLYALALLL,swapped_2835,4,0.08178057,0.0
2191,NLVPMVATV,10x,4,0.28904274,0.0
5334,KTWGQYWQV,swapped_4520,4,0.04954543,0.0
1190,RTLNAWVKV,swapped_52,4,0.04652159,0.0
5348,SLLMWITQV,swapped_4410,4,0.450859,0.0
5872,GLCTLVAML,positive,4,0.62624794,1.0
2665,NLVPMVATV,swapped_1598,4,0.47160724,0.0
2631,FLYALALLL,swapped_1545,4,0.00394913,0.0
2242,NLVPMVATV,10x,4,0.38004255,0.0
1998,GLCTLVAML,10x,4,0.57787305,0.0
3851,GLCTLVAML,swapped_2966,4,0.07876507,0.0
3525,GLCTLVAML,10x,4,0.22839484,0.0
4550,GLCTLVAML,positive,4,0.6572354,1.0
2564,GLCTLVAML,swapped_1620,4,0.36777925,0.0
3566,NLVPMVATV,10x,4,0.7098983,0.0
6467,GLCTLVAML,10x,4,0.016343532,0.0
5954,GLCTLVAML,positive,4,0.45475456,1.0
4011,GLCTLVAML,swapped_3043,4,0.008977263,0.0
3612,GLCTLVAML,10x,4,0.5003219,0.0
1475,GLCTLVAML,swapped_275,4,0.41903424,0.0
1628,GLCTLVAML,positive,4,0.20833598,1.0
4872,NLVPMVATV,10x,4,0.5521486,0.0
3854,NLVPMVATV,swapped_2812,4,0.0051305536,0.0
1207,GLCTLVAML,swapped_214,4,0.015364851,0.0
1064,NLVPMVATV,10x,4,0.53486776,0.0
3846,KTWGQYWQV,swapped_2975,4,0.027876453,0.0
1255,NLVPMVATV,swapped_260,4,0.022001082,0.0
1505,KVLEYVIKV,swapped_14,4,0.46932364,0.0
1350,FLYALALLL,swapped_7,4,0.6733696,0.0
6187,SLLMWITQV,10x,4,0.6195229,0.0
2496,NLVPMVATV,swapped_1808,4,0.6999568,0.0
3148,GLCTLVAML,10x,4,0.27130607,0.0
5076,NLVPMVATV,10x,4,0.54582155,0.0
2722,LLFGYPVYV,positive,4,0.15268384,1.0
5373,RTLNAWVKV,swapped_4480,4,0.35584357,0.0
3669,GLCTLVAML,10x,4,0.033586696,0.0
2656,RTLNAWVKV,swapped_1622,4,0.41668254,0.0
2447,NLVPMVATV,swapped_1796,4,0.15217343,0.0
5152,NLVPMVATV,10x,4,0.5808086,0.0
3736,GLCTLVAML,10x,4,0.3786973,0.0
5133,GLCTLVAML,10x,4,0.6788632,0.0
2513,GLCTLVAML,swapped_1577,4,0.66017,0.0
4947,NLVPMVATV,10x,4,0.7407723,0.0
2466,KTWGQYWQV,swapped_1642,4,0.0022691523,0.0
6042,GLCTLVAML,10x,4,0.6869997,0.0
5810,NLVPMVATV,positive,4,0.72101504,1.0
6439,GLCTLVAML,10x,4,0.62012506,0.0
1421,LLFGYPVYV,swapped_231,4,0.6385394,0.0
3768,GLCTLVAML,10x,4,0.01467795,0.0
4006,IMDQVPFSV,swapped_2766,4,0.025885234,0.0
1175,GLCTLVAML,swapped_224,4,0.0119443005,0.0
1969,NLVPMVATV,10x,4,0.736941,0.0
2448,NLVPMVATV,swapped_1805,4,0.6953672,0.0
2472,GLCTLVAML,swapped_1586,4,0.5108463,0.0
5889,GLCTLVAML,positive,4,0.6630834,1.0
6266,YLLEMLWRL,10x,4,0.055891138,0.0
2115,GLCTLVAML,10x,4,0.6881794,0.0
5419,GLCTLVAML,swapped_4235,4,0.61428607,0.0
2584,NLVPMVATV,swapped_1663,4,0.008664572,0.0
1374,MLDLQPETT,swapped_88,4,0.15897943,0.0
5064,GLCTLVAML,10x,4,0.67110246,0.0
3500,GLCTLVAML,10x,4,0.64810395,0.0
5437,GLCTLVAML,swapped_4260,4,0.20280772,0.0
2433,NLVPMVATV,swapped_1746,4,0.46075365,0.0
910,GLCTLVAML,10x,4,0.027855184,0.0
4998,NLVPMVATV,10x,4,0.098803446,0.0
5428,NLVPMVATV,swapped_4320,4,0.008278383,0.0
5960,GLCTLVAML,positive,4,0.74365765,1.0
6902,FLYALALLL,swapped_5917,4,0.026139025,0.0
5850,GLCTLVAML,positive,4,0.60643446,1.0
2538,LLFGYPVYV,swapped_1772,4,0.18850142,0.0
6026,NLVPMVATV,10x,4,0.63064694,0.0
5327,IMDQVPFSV,swapped_4330,4,0.0050311843,0.0
6086,LLFGYPVYV,10x,4,0.46447828,0.0
433,RTLNAWVKV,10x,4,0.012166056,0.0
358,NLVPMVATV,positive,4,0.71732134,1.0
744,GLCTLVAML,10x,4,0.6479668,0.0
2569,GLCTLVAML,swapped_1567,4,0.015220715,0.0
4761,GLCTLVAML,10x,4,0.73344654,0.0
6699,GLCTLVAML,swapped_5793,4,0.6372174,0.0
5429,GLCTLVAML,swapped_4204,4,0.03145786,0.0
2352,NLVPMVATV,10x,4,0.6506357,0.0
409,KVLEYVIKV,10x,4,0.5679047,0.0
1470,GLCTLVAML,swapped_165,4,0.064978495,0.0
3085,FLYALALLL,10x,4,0.73056024,0.0
6731,GLCTLVAML,swapped_5822,4,0.6595133,0.0
2135,LLFGYPVYV,10x,4,0.6901654,0.0
6912,FLYALALLL,swapped_5803,4,0.05434695,0.0
1206,FLYALALLL,10x,4,0.012319397,0.0
747,GLCTLVAML,10x,4,0.691691,0.0
4300,GLCTLVAML,positive,4,0.62783426,1.0
5044,GLCTLVAML,10x,4,0.73169655,0.0
1238,GLCTLVAML,swapped_30,4,0.38414493,0.0
4658,RMFPNAPYL,10x,4,0.5002723,0.0
1836,GLCTLVAML,10x,4,0.6591278,0.0
2401,GLCTLVAML,10x,4,0.6618396,0.0
6600,NLVPMVATV,10x,4,0.6482569,0.0
4866,NLVPMVATV,10x,4,0.47133535,0.0
4059,SLFNTVATL,swapped_3021,4,0.008399602,0.0
3069,NLVPMVATV,10x,4,0.69272566,0.0
4036,GLCTLVAML,swapped_2727,4,0.00865699,0.0
2389,NLVPMVATV,10x,4,0.08167145,0.0
2190,FLYALALLL,10x,4,0.6413452,0.0
4010,GLCTLVAML,swapped_2970,4,0.014611496,0.0
3879,GLCTLVAML,swapped_2785,4,0.7129798,0.0
9,RTLNAWVKV,positive,4,0.36784545,1.0
5657,GLCTLVAML,swapped_4329,4,0.025657782,0.0
748,GLCTLVAML,10x,4,0.07171493,0.0
1793,NLVPMVATV,positive,4,0.6520584,1.0
6049,SLLMWITQV,10x,4,0.56094486,0.0
5246,RTLNAWVKV,10x,4,0.43984705,0.0
5413,LLFGYPVYV,swapped_4506,4,0.55872303,0.0
3507,NLVPMVATV,10x,4,0.6394797,0.0
2503,FLYALALLL,swapped_1699,4,0.0112605775,0.0
5106,NLVPMVATV,10x,4,0.6312205,0.0
2138,SLFNTVATL,10x,4,0.5709405,0.0
6823,RMFPNAPYL,swapped_5744,4,0.33491153,0.0
2097,NLVPMVATV,10x,4,0.6907712,0.0
781,GLCTLVAML,10x,4,0.37409884,0.0
5493,GLCTLVAML,swapped_4529,4,0.6529946,0.0
2760,GLCTLVAML,positive,4,0.4379036,1.0
1212,GLCTLVAML,swapped_39,4,0.07321536,0.0
1622,NLVPMVATV,positive,4,0.6564144,1.0
5227,YLLEMLWRL,10x,4,0.52227736,0.0
6410,NLVPMVATV,10x,4,0.766813,0.0
2195,FLYALALLL,10x,4,0.5487161,0.0
5407,GLCTLVAML,swapped_4188,4,0.0090569975,0.0
6765,GLCTLVAML,swapped_5922,4,0.0317038,0.0
1012,GLCTLVAML,10x,4,0.4132164,0.0
4142,NLVPMVATV,swapped_2810,4,0.5808502,0.0
5654,NLVPMVATV,swapped_4530,4,0.5336121,0.0
6138,GLCTLVAML,10x,4,0.55633533,0.0
5201,RTLNAWVKV,10x,4,0.57418424,0.0
614,GLCTLVAML,10x,4,0.69988054,0.0
2585,NLVPMVATV,swapped_1615,4,0.51709,0.0
2713,GLCTLVAML,positive,4,0.69304556,1.0
2476,GLCTLVAML,swapped_1721,4,0.012724787,0.0
6074,GLCTLVAML,10x,4,0.66641045,0.0
4341,GLCTLVAML,positive,4,0.6250748,1.0
6620,NLVPMVATV,swapped_5763,4,0.017096188,0.0
5087,GLCTLVAML,10x,4,0.4864186,0.0
3987,GLCTLVAML,swapped_3058,4,0.24322301,0.0
3611,NLVPMVATV,10x,4,0.69201034,0.0
1706,GLCTLVAML,positive,4,0.69994324,1.0
439,GLCTLVAML,10x,4,0.52969927,0.0
571,GLCTLVAML,10x,4,0.6528182,0.0
4134,GLCTLVAML,swapped_2985,4,0.7146386,0.0
1008,GLCTLVAML,10x,4,0.7106268,0.0
6103,GLCTLVAML,10x,4,0.71276873,0.0
1367,GLCTLVAML,swapped_237,4,0.39681676,0.0
5450,GLCTLVAML,swapped_4325,4,0.681104,0.0
6803,KTWGQYWQV,swapped_6000,4,0.06262072,0.0
2769,GLCTLVAML,positive,4,0.7597995,1.0
4950,GLCTLVAML,10x,4,0.6420186,0.0
4864,GLCTLVAML,10x,4,0.72861445,0.0
2659,GLCTLVAML,swapped_1715,4,0.33188736,0.0
1701,KVLEYVIKV,positive,4,0.3203875,1.0
3886,GLCTLVAML,swapped_2743,4,0.03162008,0.0
5103,KTWGQYWQV,10x,4,0.20504364,0.0
5633,GLCTLVAML,swapped_4331,4,0.32266238,0.0
942,GLCTLVAML,10x,4,0.7040929,0.0
6781,GLCTLVAML,swapped_5888,4,0.029112877,0.0
5072,GLCTLVAML,10x,4,0.5319979,0.0
292,NLVPMVATV,positive,4,0.67330647,1.0
600,NLVPMVATV,10x,4,0.7505041,0.0
5557,NLVPMVATV,swapped_4407,4,0.49600998,0.0
5449,GLCTLVAML,swapped_4175,4,0.551281,0.0
174,NLVPMVATV,positive,4,0.6207815,1.0
4778,NLVPMVATV,10x,4,0.6881971,0.0
6726,GLCTLVAML,swapped_5890,4,0.026829027,0.0
4002,GLCTLVAML,swapped_2758,4,0.60790724,0.0
5014,NLVPMVATV,10x,4,0.6442221,0.0
2598,NLVPMVATV,swapped_1676,4,0.06699942,0.0
5329,NLVPMVATV,swapped_4489,4,0.020185145,0.0
3977,MLDLQPETT,swapped_2890,4,0.0056597716,0.0
3456,NLVPMVATV,10x,4,0.5725319,0.0
3650,NLVPMVATV,10x,4,0.7284167,0.0
1494,FLYALALLL,swapped_26,4,0.38196173,0.0
6869,NLVPMVATV,swapped_5943,4,0.019122835,0.0
5670,NLVPMVATV,swapped_4247,4,0.007405232,0.0
5263,CLGGLLTMV,10x,4,0.69503087,0.0
6428,NLVPMVATV,10x,4,0.4497184,0.0
5285,GLCTLVAML,10x,4,0.6481925,0.0
666,GLCTLVAML,10x,4,0.70880103,0.0
2288,LLFGYPVYV,10x,4,0.5465717,0.0
3860,MLDLQPETT,swapped_2721,4,0.0042536943,0.0
6206,LLFGYPVYV,10x,4,0.6426932,0.0
5549,NLVPMVATV,swapped_4308,4,0.5546757,0.0
2637,GLCTLVAML,swapped_1534,4,0.71241194,0.0
5333,GLCTLVAML,swapped_4432,4,0.43348575,0.0
4109,FLYALALLL,swapped_2986,4,0.6159906,0.0
5395,GLCTLVAML,swapped_4476,4,0.030986372,0.0
69,GLCTLVAML,positive,4,0.7623918,1.0
5458,NLVPMVATV,swapped_4298,4,0.4775282,0.0
3080,NLVPMVATV,10x,4,0.6999614,0.0
800,GLCTLVAML,10x,4,0.10574079,0.0
1018,GLCTLVAML,10x,4,0.52665734,0.0
6744,GLCTLVAML,swapped_5796,4,0.61414725,0.0
2096,NLVPMVATV,10x,4,0.61049044,0.0
5801,GLCTLVAML,positive,4,0.67699397,1.0
2772,NLVPMVATV,positive,4,0.6528871,1.0
3168,GLCTLVAML,10x,4,0.49285182,0.0
2397,GLCTLVAML,10x,4,0.6131757,0.0
4195,NLVPMVATV,positive,4,0.672203,1.0
6463,IMDQVPFSV,10x,4,0.6411985,0.0
6284,NLVPMVATV,10x,4,0.66901207,0.0
3087,RTLNAWVKV,10x,4,0.38873714,0.0
1457,FLYALALLL,swapped_239,4,0.72323406,0.0
3984,NLVPMVATV,swapped_2709,4,0.015174896,0.0
2333,GLCTLVAML,10x,4,0.6061782,0.0
4298,SLFNTVATL,positive,4,0.4551726,1.0
3866,NLVPMVATV,swapped_2734,4,0.010440479,0.0
2649,KTWGQYWQV,swapped_1560,4,0.3053456,0.0
5789,FLYALALLL,positive,4,0.7525778,1.0
6230,GLCTLVAML,10x,4,0.04331795,0.0
1746,KVLEYVIKV,positive,4,0.42318982,1.0
4698,NLVPMVATV,10x,4,0.08197864,0.0
1140,SLLMWITQV,10x,4,0.552534,0.0
3062,NLVPMVATV,positive,4,0.76129746,1.0
4547,FLYALALLL,positive,4,0.7065475,1.0
1881,GLCTLVAML,10x,4,0.68320787,0.0
2327,NLVPMVATV,10x,4,0.5197766,0.0
5331,GLCTLVAML,swapped_4553,4,0.63859016,0.0
1938,MLDLQPETT,10x,4,0.5093282,0.0
4764,FLYALALLL,10x,4,0.7496086,0.0
5591,NLVPMVATV,swapped_4192,4,0.012220156,0.0
6843,GLCTLVAML,swapped_5996,4,0.6831956,0.0
2340,GLCTLVAML,10x,4,0.56275266,0.0
2484,GLCTLVAML,swapped_1557,4,0.012805708,0.0
3331,GLCTLVAML,10x,4,0.686808,0.0
5328,GLCTLVAML,swapped_4203,4,0.65263057,0.0
6850,GLCTLVAML,swapped_5716,4,0.66413116,0.0
1231,FLYALALLL,swapped_138,4,0.014345079,0.0
3818,GLCTLVAML,swapped_2751,4,0.009406239,0.0
1181,MLDLQPETT,swapped_240,4,0.42075476,0.0
2478,GLCTLVAML,swapped_1814,4,0.02381302,0.0
76,GLCTLVAML,positive,4,0.73624384,1.0
1278,NLVPMVATV,swapped_94,4,0.73363173,0.0
2815,GLCTLVAML,positive,4,0.017838994,1.0
2370,NLVPMVATV,10x,4,0.6357472,0.0
4337,GLCTLVAML,positive,4,0.70089465,1.0
6704,LLFGYPVYV,swapped_5767,4,0.016335247,0.0
3810,GLCTLVAML,swapped_2896,4,0.31553137,0.0
5371,NLVPMVATV,swapped_4193,4,0.020558108,0.0
5350,GLCTLVAML,swapped_4363,4,0.00794514,0.0
5753,GLCTLVAML,positive,4,0.75216115,1.0
5995,LLFGYPVYV,positive,4,0.60220945,1.0
4844,GLCTLVAML,10x,4,0.46288478,0.0
5488,IMDQVPFSV,swapped_4265,4,0.58818144,0.0
1442,GLCTLVAML,swapped_17,4,0.21822679,0.0
4655,NLVPMVATV,10x,4,0.6447345,0.0
6760,GLCTLVAML,swapped_5785,4,0.57183754,0.0
5035,RTLNAWVKV,10x,4,0.3471759,0.0
1562,NLVPMVATV,positive,4,0.6895459,1.0
5047,NLVPMVATV,10x,4,0.026406316,0.0
5824,NLVPMVATV,positive,4,0.7030372,1.0
105,LLFGYPVYV,positive,4,0.5852921,1.0
2270,SLFNTVATL,10x,4,0.72216237,0.0
1158,GLCTLVAML,swapped_306,4,0.00867034,0.0
404,RTLNAWVKV,10x,4,0.6241738,0.0
3054,KTWGQYWQV,positive,4,0.31106552,1.0
246,NLVPMVATV,positive,4,0.6686269,1.0
1304,RTLNAWVKV,swapped_192,4,0.038484458,0.0
3175,RTLNAWVKV,10x,4,0.60176456,0.0
3599,NLVPMVATV,10x,4,0.58639324,0.0
4917,GLCTLVAML,10x,4,0.64432406,0.0
5394,NLVPMVATV,swapped_4403,4,0.013662714,0.0
4075,NLVPMVATV,swapped_2976,4,0.030136818,0.0
6596,NLVPMVATV,10x,4,0.6724747,0.0
816,FLYALALLL,10x,4,0.56855667,0.0
1021,NLVPMVATV,10x,4,0.74063903,0.0
5498,NLVPMVATV,swapped_4302,4,0.64889216,0.0
5408,NLVPMVATV,swapped_4457,4,0.6211897,0.0
1849,LLFGYPVYV,10x,4,0.018981144,0.0
2514,NLVPMVATV,swapped_1729,4,0.25890163,0.0
2595,GLCTLVAML,swapped_1707,4,0.009696267,0.0
1335,NLVPMVATV,swapped_125,4,0.025515204,0.0
6134,RTLNAWVKV,10x,4,0.30134273,0.0
1161,MLDLQPETT,swapped_157,4,0.27137274,0.0
2221,GLCTLVAML,10x,4,0.5986092,0.0
5161,RTLNAWVKV,10x,4,0.01706855,0.0
6868,GLCTLVAML,swapped_5833,4,0.2872946,0.0
5053,GLCTLVAML,10x,4,0.5913466,0.0
6737,GLCTLVAML,swapped_5724,4,0.024566596,0.0
1870,GLCTLVAML,10x,4,0.65907127,0.0
5859,NLVPMVATV,positive,4,0.70478565,1.0
176,LLFGYPVYV,positive,4,0.5926047,1.0
1216,NLVPMVATV,swapped_261,4,0.6829746,0.0
1183,GLCTLVAML,swapped_198,4,0.1108258,0.0
5971,NLVPMVATV,positive,4,0.5819585,1.0
1259,LLFGYPVYV,swapped_327,4,0.69113636,0.0
3565,IMDQVPFSV,10x,4,0.5430901,0.0
6551,GLCTLVAML,10x,4,0.6849782,0.0
5723,IMDQVPFSV,positive,4,0.45873147,1.0
5603,GLCTLVAML,swapped_4426,4,0.012110092,0.0
774,GLCTLVAML,10x,4,0.48414657,0.0
5024,FLYALALLL,10x,4,0.63259804,0.0
1177,GLCTLVAML,swapped_135,4,0.012428033,0.0
1299,NLVPMVATV,swapped_228,4,0.020720476,0.0
5725,RTLNAWVKV,positive,4,0.59288037,1.0
6048,RTLNAWVKV,10x,4,0.5950532,0.0
6662,NLVPMVATV,swapped_5840,4,0.641807,0.0
6406,GLCTLVAML,10x,4,0.63753134,0.0
3982,NLVPMVATV,swapped_2950,4,0.41080996,0.0
3816,GLCTLVAML,swapped_2741,4,0.018491914,0.0
2405,RTLNAWVKV,swapped_1530,4,0.007213892,0.0
6515,GLCTLVAML,10x,4,0.054516193,0.0
6644,NLVPMVATV,swapped_5756,4,0.57378006,0.0
5858,NLVPMVATV,positive,4,0.5159151,1.0
4001,YLLEMLWRL,swapped_2868,4,0.008074742,0.0
6485,NLVPMVATV,10x,4,0.032185048,0.0
6842,GLCTLVAML,swapped_5992,4,0.052611537,0.0
2608,LLFGYPVYV,swapped_1562,4,0.6166923,0.0
1346,LLFGYPVYV,swapped_174,4,0.50190866,0.0
4480,NLVPMVATV,positive,4,0.5407037,1.0
5703,GLCTLVAML,swapped_4251,4,0.017016077,0.0
2132,GLCTLVAML,10x,4,0.6585849,0.0
5221,NLVPMVATV,10x,4,0.53957784,0.0
6787,NLVPMVATV,swapped_5754,4,0.5535048,0.0
2223,KTWGQYWQV,10x,4,0.09321787,0.0
6198,GLCTLVAML,10x,4,0.62088764,0.0
4025,NLVPMVATV,swapped_2939,4,0.61847085,0.0
5332,NLVPMVATV,swapped_4179,4,0.011393145,0.0
3960,GLCTLVAML,swapped_3025,4,0.014503526,0.0
4916,NLVPMVATV,10x,4,0.037576236,0.0
1396,LLFGYPVYV,swapped_36,4,0.49036515,0.0
1424,GLCTLVAML,swapped_67,4,0.45364043,0.0
4741,GLCTLVAML,10x,4,0.5964969,0.0
3955,GLCTLVAML,swapped_3011,4,0.02478518,0.0
5490,GLCTLVAML,swapped_4498,4,0.08206915,0.0
5471,NLVPMVATV,swapped_4469,4,0.59449095,0.0
5478,FLYALALLL,swapped_4415,4,0.01010833,0.0
6867,KTWGQYWQV,swapped_5818,4,0.21740575,0.0
5619,IMDQVPFSV,swapped_4225,4,0.012596929,0.0
1029,GLCTLVAML,10x,4,0.60077673,0.0
4097,GLCTLVAML,swapped_2834,4,0.50176233,0.0
2414,NLVPMVATV,swapped_1558,4,0.51223296,0.0
2438,NLVPMVATV,swapped_1561,4,0.61381465,0.0
4943,NLVPMVATV,10x,4,0.6645011,0.0
1880,NLVPMVATV,10x,4,0.024235351,0.0
5483,NLVPMVATV,swapped_4419,4,0.60285676,0.0
1413,GLCTLVAML,swapped_139,4,0.48934624,0.0
4421,GLCTLVAML,positive,4,0.7365504,1.0
5400,GLCTLVAML,swapped_4537,4,0.247722,0.0
6044,NLVPMVATV,10x,4,0.017951772,0.0
3738,NLVPMVATV,10x,4,0.04582389,0.0
2750,GLCTLVAML,positive,4,0.6738563,1.0
4755,MLDLQPETT,10x,4,0.56714594,0.0
3776,GLCTLVAML,10x,4,0.6547827,0.0
3276,GLCTLVAML,10x,4,0.6847305,0.0
6723,GLCTLVAML,swapped_5869,4,0.52312255,0.0
6890,GLCTLVAML,swapped_5978,4,0.4186451,0.0
1818,GLCTLVAML,10x,4,0.720088,0.0
5021,GLCTLVAML,10x,4,0.5636819,0.0
5045,NLVPMVATV,10x,4,0.61921793,0.0
2654,NLVPMVATV,swapped_1588,4,0.6439888,0.0
5601,GLCTLVAML,swapped_4254,4,0.27298474,0.0
1975,NLVPMVATV,10x,4,0.6397477,0.0
5628,GLCTLVAML,swapped_4196,4,0.049228385,0.0
126,NLVPMVATV,positive,4,0.62646455,1.0
2596,GLCTLVAML,swapped_1550,4,0.017124327,0.0
1054,NLVPMVATV,10x,4,0.6991737,0.0
4132,NLVPMVATV,swapped_2987,4,0.018261302,0.0
3662,GLCTLVAML,10x,4,0.31271762,0.0
4988,GLCTLVAML,10x,4,0.60395724,0.0
1074,GLCTLVAML,10x,4,0.42012957,0.0
1496,NLVPMVATV,swapped_334,4,0.59700924,0.0
668,RTLNAWVKV,10x,4,0.3188217,0.0
511,GLCTLVAML,10x,4,0.2560166,0.0
1422,NLVPMVATV,swapped_9,4,0.53494096,0.0
2528,RMFPNAPYL,swapped_1654,4,0.2432527,0.0
3540,NLVPMVATV,10x,4,0.6593208,0.0
1437,IMDQVPFSV,swapped_356,4,0.38886788,0.0
1048,NLVPMVATV,10x,4,0.22973283,0.0
4897,NLVPMVATV,10x,4,0.08200597,0.0
6573,NLVPMVATV,10x,4,0.38184738,0.0
1094,YLLEMLWRL,10x,4,0.61137486,0.0
2677,GLCTLVAML,swapped_1533,4,0.5148569,0.0
5716,NLVPMVATV,positive,4,0.6550054,1.0
4895,GLCTLVAML,10x,4,0.26712206,0.0
1574,NLVPMVATV,positive,4,0.70571965,1.0
3772,NLVPMVATV,10x,4,0.5284575,0.0
1871,RTLNAWVKV,10x,4,0.44701675,0.0
829,NLVPMVATV,10x,4,0.6227329,0.0
3876,NLVPMVATV,swapped_2854,4,0.07773073,0.0
1733,GLCTLVAML,positive,4,0.7571803,1.0
1366,GLCTLVAML,swapped_358,4,0.72548956,0.0
5746,GLCTLVAML,positive,4,0.7677637,1.0
5950,GLCTLVAML,positive,4,0.7244396,1.0
5576,NLVPMVATV,swapped_4183,4,0.014446176,0.0
4545,MLDLQPETT,positive,4,0.46598583,1.0
1306,LLFGYPVYV,swapped_351,4,0.0055872886,0.0
6761,NLVPMVATV,swapped_5960,4,0.7360468,0.0
20,GLCTLVAML,positive,4,0.70085776,1.0
1738,LLFGYPVYV,positive,4,0.5235224,1.0
1321,KLQCVDLHV,swapped_4,4,0.009439334,0.0
5545,GLCTLVAML,swapped_4399,4,0.018112233,0.0
5438,NLVPMVATV,swapped_4218,4,0.09938655,0.0
6672,GLCTLVAML,swapped_5961,4,0.031496268,0.0
6734,GLCTLVAML,swapped_5856,4,0.6417328,0.0
5756,KTWGQYWQV,positive,4,0.17280932,1.0
2008,YLLEMLWRL,10x,4,0.58883536,0.0
2410,NLVPMVATV,swapped_1619,4,0.043779477,0.0
509,KTWGQYWQV,10x,4,0.2153878,0.0
2077,SLFNTVATL,10x,4,0.4980414,0.0
5599,GLCTLVAML,swapped_4450,4,0.04747777,0.0
4884,RTLNAWVKV,10x,4,0.5712351,0.0
5283,NLVPMVATV,10x,4,0.55949026,0.0
4057,GLCTLVAML,swapped_2926,4,0.00873584,0.0
6893,LLFGYPVYV,swapped_5982,4,0.023219343,0.0
4533,NLVPMVATV,positive,4,0.5200218,1.0
3655,RTLNAWVKV,10x,4,0.5619246,0.0
1334,GLCTLVAML,swapped_225,4,0.040300656,0.0
5267,RTLNAWVKV,10x,4,0.5421391,0.0
1435,GLCTLVAML,swapped_59,4,0.3752223,0.0
488,GLCTLVAML,10x,4,0.53880507,0.0
6897,GLCTLVAML,swapped_5866,4,0.672501,0.0
6380,RTLNAWVKV,10x,4,0.01945743,0.0
291,LLFGYPVYV,positive,4,0.3855117,1.0
1293,NLVPMVATV,swapped_245,4,0.06819975,0.0
6294,GLCTLVAML,10x,4,0.6196315,0.0
5089,GLCTLVAML,10x,4,0.56247306,0.0
3036,KVLEYVIKV,positive,4,0.4948555,1.0
4135,GLCTLVAML,swapped_2997,4,0.008634495,0.0
6565,NLVPMVATV,10x,4,0.34239545,0.0
6673,GLCTLVAML,swapped_5897,4,0.70843965,0.0
3588,RMFPNAPYL,10x,4,0.5604305,0.0
5325,MLDLQPETT,swapped_4293,4,0.009889259,0.0
2849,NLVPMVATV,positive,4,0.036014877,1.0
6859,LLFGYPVYV,swapped_5819,4,0.0085963085,0.0
1114,NLVPMVATV,10x,4,0.7523005,0.0
3299,IMDQVPFSV,10x,4,0.6672998,0.0
3902,NLVPMVATV,swapped_2733,4,0.6902845,0.0
4333,GLCTLVAML,positive,4,0.6928131,1.0
6661,GLCTLVAML,swapped_5962,4,0.013181529,0.0
5607,GLCTLVAML,swapped_4547,4,0.68309116,0.0
1222,NLVPMVATV,swapped_199,4,0.2873506,0.0
124,MLDLQPETT,positive,4,0.40583363,1.0
1459,NLVPMVATV,swapped_264,4,0.009289079,0.0
2342,FLYALALLL,10x,4,0.11844767,0.0
5635,SLFNTVATL,swapped_4496,4,0.014095657,0.0
715,NLVPMVATV,10x,4,0.73569036,0.0
2172,RTLNAWVKV,10x,4,0.39617673,0.0
4055,RTLNAWVKV,swapped_2818,4,0.36559966,0.0
3841,NLVPMVATV,swapped_3005,4,0.118156955,0.0
5254,NLVPMVATV,10x,4,0.7169065,0.0
1649,GLCTLVAML,positive,4,0.6647912,1.0
3878,NLVPMVATV,swapped_2819,4,0.037008956,0.0
1360,GLCTLVAML,swapped_310,4,0.01161946,0.0
1589,NLVPMVATV,positive,4,0.60084826,1.0
4989,LLFGYPVYV,10x,4,0.64844686,0.0
1027,YLLEMLWRL,10x,4,0.52227765,0.0
5583,GLCTLVAML,swapped_4492,4,0.41678986,0.0
3694,GLCTLVAML,10x,4,0.027841732,0.0
1223,GLCTLVAML,swapped_291,4,0.5475471,0.0
2638,GLCTLVAML,swapped_1685,4,0.017553572,0.0
5343,IMDQVPFSV,swapped_4194,4,0.00823338,0.0
1823,NLVPMVATV,10x,4,0.6526213,0.0
4184,GLCTLVAML,positive,4,0.6480349,1.0
1391,FLYALALLL,swapped_361,4,0.20667233,0.0
1122,GLCTLVAML,10x,4,0.65819615,0.0
5602,NLVPMVATV,swapped_4523,4,0.29125068,0.0
1517,GLCTLVAML,swapped_345,4,0.6122015,0.0
778,GLCTLVAML,10x,4,0.6085327,0.0
4996,GLCTLVAML,10x,4,0.5013191,0.0
995,NLVPMVATV,10x,4,0.6342579,0.0
6756,NLVPMVATV,swapped_5905,4,0.6701878,0.0
1415,NLVPMVATV,swapped_149,4,0.019370386,0.0
2007,GLCTLVAML,10x,4,0.62785864,0.0
2560,NLVPMVATV,swapped_1601,4,0.007832929,0.0
1760,GLCTLVAML,positive,4,0.6485937,1.0
5324,GLCTLVAML,swapped_4233,4,0.6407847,0.0
5464,GLCTLVAML,swapped_4259,4,0.020286353,0.0
4148,NLVPMVATV,swapped_2877,4,0.5763965,0.0
3537,LLFGYPVYV,10x,4,0.6785092,0.0
1687,MLDLQPETT,positive,4,0.59848374,1.0
3110,NLVPMVATV,10x,4,0.6841074,0.0
1356,NLVPMVATV,swapped_152,4,0.02246021,0.0
48,GLCTLVAML,positive,4,0.66435516,1.0
3976,GLCTLVAML,swapped_2704,4,0.500439,0.0
1239,GLCTLVAML,swapped_269,4,0.22683863,0.0
5888,NLVPMVATV,positive,4,0.028664157,1.0
1019,GLCTLVAML,10x,4,0.744535,0.0
6061,GLCTLVAML,10x,4,0.5439701,0.0
5036,NLVPMVATV,10x,4,0.70233357,0.0
5296,GLCTLVAML,10x,4,0.61566895,0.0
1323,GLCTLVAML,swapped_201,4,0.024651662,0.0
1896,NLVPMVATV,10x,4,0.68014634,0.0
6396,NLVPMVATV,10x,4,0.62379825,0.0
5417,SLFNTVATL,swapped_4519,4,0.3251491,0.0
2946,GLCTLVAML,positive,4,0.65257716,1.0
407,GLCTLVAML,10x,4,0.5104096,0.0
465,GLCTLVAML,10x,4,0.6809877,0.0
5426,GLCTLVAML,swapped_4202,4,0.00901431,0.0
5704,GLCTLVAML,swapped_4500,4,0.021851635,0.0
5396,IMDQVPFSV,swapped_4299,4,0.57499695,0.0
2449,KTWGQYWQV,swapped_1811,4,0.14574498,0.0
5881,GLCTLVAML,positive,4,0.6921605,1.0
5495,GLCTLVAML,swapped_4541,4,0.62405133,0.0
3187,NLVPMVATV,10x,4,0.11412895,0.0
4744,GLCTLVAML,10x,4,0.66051275,0.0
5339,GLCTLVAML,swapped_4453,4,0.65802276,0.0
1336,NLVPMVATV,swapped_326,4,0.01917863,0.0
1959,NLVPMVATV,10x,4,0.5528484,0.0
5621,GLCTLVAML,swapped_4227,4,0.6746709,0.0
2402,NLVPMVATV,swapped_1664,4,0.010340612,0.0
2373,GLCTLVAML,10x,4,0.6389053,0.0
3964,GLCTLVAML,swapped_2839,4,0.010045135,0.0
5386,FLYALALLL,swapped_4266,4,0.669943,0.0
5410,NLVPMVATV,swapped_4208,4,0.617476,0.0
6689,NLVPMVATV,swapped_5729,4,0.0084203,0.0
4265,NLVPMVATV,positive,4,0.6687989,1.0
5477,LLFGYPVYV,swapped_4475,4,0.1377622,0.0
3981,GLCTLVAML,swapped_2849,4,0.036720634,0.0
1351,NLVPMVATV,swapped_284,4,0.57739615,0.0
789,NLVPMVATV,10x,4,0.63972753,0.0
5613,GLCTLVAML,swapped_4514,4,0.023229938,0.0
5420,NLVPMVATV,swapped_4501,4,0.008229756,0.0
943,NLVPMVATV,10x,4,0.57411456,0.0
2720,GLCTLVAML,positive,4,0.7314569,1.0
6631,LLFGYPVYV,swapped_5986,4,0.51381665,0.0
5060,RTLNAWVKV,10x,4,0.48366764,0.0
2298,GLCTLVAML,10x,4,0.621246,0.0
1924,FLYALALLL,10x,4,0.7072903,0.0
6460,LLFGYPVYV,10x,4,0.40132046,0.0
2660,GLCTLVAML,swapped_1532,4,0.017732618,0.0
3496,GLCTLVAML,10x,4,0.5537424,0.0
4086,NLVPMVATV,swapped_2755,4,0.71162695,0.0
1439,GLCTLVAML,swapped_288,4,0.011703633,0.0
2601,SLLMWITQV,swapped_1798,4,0.0069606733,0.0
1933,GLCTLVAML,10x,4,0.5662947,0.0
3584,LLFGYPVYV,10x,4,0.6242291,0.0
4647,MLDLQPETT,10x,4,0.33237714,0.0
4668,RTLNAWVKV,10x,4,0.6545981,0.0
3904,GLCTLVAML,swapped_2920,4,0.6068122,0.0
5503,NLVPMVATV,swapped_4333,4,0.6843334,0.0
939,YLLEMLWRL,10x,4,0.030170126,0.0
5362,GLCTLVAML,swapped_4224,4,0.31501773,0.0
3608,GLCTLVAML,10x,4,0.6508426,0.0
4196,RMFPNAPYL,positive,4,0.022335686,1.0
6540,NLVPMVATV,10x,4,0.6571754,0.0
718,NLVPMVATV,10x,4,0.45298493,0.0
6447,GLCTLVAML,10x,4,0.68160045,0.0
2450,NLVPMVATV,swapped_1655,4,0.011588527,0.0
6373,NLVPMVATV,10x,4,0.6749081,0.0
3571,GLCTLVAML,10x,4,0.68082386,0.0
2609,FLYALALLL,swapped_1628,4,0.10271212,0.0
1456,RTLNAWVKV,swapped_91,4,0.0076317843,0.0
3794,GLCTLVAML,10x,4,0.7166818,0.0
1246,NLVPMVATV,swapped_208,4,0.4845282,0.0
2480,NLVPMVATV,swapped_1708,4,0.012299419,0.0
3721,MLDLQPETT,10x,4,0.50132626,0.0
3897,RMFPNAPYL,swapped_2956,4,0.0042311354,0.0
4774,RTLNAWVKV,10x,4,0.049450323,0.0
1553,GLCTLVAML,positive,4,0.6805456,1.0
4027,KTWGQYWQV,swapped_3002,4,0.16239008,0.0
2204,RTLNAWVKV,10x,4,0.3239422,0.0
4101,NLVPMVATV,swapped_2787,4,0.2681575,0.0
4678,LLFGYPVYV,10x,4,0.41075492,0.0
2545,KVLEYVIKV,swapped_1575,4,0.61742616,0.0
6549,LLFGYPVYV,10x,4,0.5260209,0.0
6753,SLLMWITQV,swapped_5757,4,0.5121383,0.0
652,GLCTLVAML,10x,4,0.70620596,0.0
5459,SLLMWITQV,swapped_4554,4,0.5638735,0.0
6873,FLYALALLL,swapped_5899,4,0.6084394,0.0
5764,NLVPMVATV,positive,4,0.7547047,1.0
4345,NLVPMVATV,positive,4,0.6082278,1.0
4697,SLFNTVATL,10x,4,0.59737337,0.0
818,GLCTLVAML,10x,4,0.57409245,0.0
4776,NLVPMVATV,10x,4,0.08729732,0.0
3578,NLVPMVATV,10x,4,0.6638419,0.0
5005,GLCTLVAML,10x,4,0.6697077,0.0
3994,LLFGYPVYV,swapped_3037,4,0.0075209956,0.0
3664,NLVPMVATV,10x,4,0.7397719,0.0
4388,GLCTLVAML,positive,4,0.05712377,1.0
2025,GLCTLVAML,10x,4,0.41317722,0.0
1615,SLFNTVATL,positive,4,0.49466836,1.0
4012,GLCTLVAML,swapped_2742,4,0.094126195,0.0
5078,LLFGYPVYV,10x,4,0.57650614,0.0
6638,FLYALALLL,swapped_5901,4,0.024811212,0.0
5330,RMFPNAPYL,swapped_4449,4,0.004109537,0.0
1534,FLYALALLL,positive,4,0.7318363,1.0
1464,GLCTLVAML,swapped_83,4,0.6298834,0.0
4039,GLCTLVAML,swapped_2795,4,0.3572317,0.0
4377,GLCTLVAML,positive,4,0.74029875,1.0
3218,GLCTLVAML,10x,4,0.7011091,0.0
4021,NLVPMVATV,swapped_2921,4,0.52996075,0.0
4103,GLCTLVAML,swapped_2771,4,0.0137500465,0.0
6829,NLVPMVATV,swapped_5770,4,0.028691538,0.0
5634,GLCTLVAML,swapped_4394,4,0.0202267,0.0
5130,GLCTLVAML,10x,4,0.71219784,0.0
94,GLCTLVAML,positive,4,0.7414985,1.0
6258,GLCTLVAML,10x,4,0.41018942,0.0
1460,NLVPMVATV,swapped_296,4,0.021275494,0.0
4016,NLVPMVATV,swapped_2907,4,0.014251604,0.0
3244,LLFGYPVYV,10x,4,0.49002495,0.0
2855,NLVPMVATV,positive,4,0.6691101,1.0
2539,FLYALALLL,swapped_1803,4,0.6304772,0.0
4136,GLCTLVAML,swapped_3057,4,0.4179381,0.0
359,GLCTLVAML,positive,4,0.7406886,1.0
955,RTLNAWVKV,10x,4,0.5631511,0.0
5070,RMFPNAPYL,10x,4,0.4904367,0.0
6601,NLVPMVATV,10x,4,0.52614295,0.0
6881,NLVPMVATV,swapped_5799,4,0.56818193,0.0
6789,GLCTLVAML,swapped_5779,4,0.47396725,0.0
4203,NLVPMVATV,positive,4,0.6439496,1.0
3761,ILKEPVHGV,10x,4,0.4267416,0.0
415,GLCTLVAML,10x,4,0.6554872,0.0
6678,FLYALALLL,swapped_5983,4,0.5972651,0.0
2074,KVLEYVIKV,10x,4,0.44168404,0.0
536,NLVPMVATV,10x,4,0.6620194,0.0
5700,GLCTLVAML,swapped_4551,4,0.2583445,0.0
4095,FLYALALLL,swapped_2835,4,0.017574891,0.0
2191,NLVPMVATV,10x,4,0.5083111,0.0
5334,KTWGQYWQV,swapped_4520,4,0.05602244,0.0
1190,RTLNAWVKV,swapped_52,4,0.009856098,0.0
5348,SLLMWITQV,swapped_4410,4,0.561073,0.0
5872,GLCTLVAML,positive,4,0.7277761,1.0
2665,NLVPMVATV,swapped_1598,4,0.5950114,0.0
2631,FLYALALLL,swapped_1545,4,0.009843153,0.0
2242,NLVPMVATV,10x,4,0.5472445,0.0
1998,GLCTLVAML,10x,4,0.70034164,0.0
3851,GLCTLVAML,swapped_2966,4,0.2572276,0.0
3525,GLCTLVAML,10x,4,0.3328344,0.0
4550,GLCTLVAML,positive,4,0.7254213,1.0
2564,GLCTLVAML,swapped_1620,4,0.53950256,0.0
3566,NLVPMVATV,10x,4,0.75513154,0.0
6467,GLCTLVAML,10x,4,0.012941391,0.0
5954,GLCTLVAML,positive,4,0.62434304,1.0
4011,GLCTLVAML,swapped_3043,4,0.008784849,0.0
3612,GLCTLVAML,10x,4,0.6645244,0.0
1475,GLCTLVAML,swapped_275,4,0.61897576,0.0
1628,GLCTLVAML,positive,4,0.08253685,1.0
4872,NLVPMVATV,10x,4,0.5915604,0.0
3854,NLVPMVATV,swapped_2812,4,0.007727797,0.0
1207,GLCTLVAML,swapped_214,4,0.011492115,0.0
1064,NLVPMVATV,10x,4,0.6525857,0.0
3846,KTWGQYWQV,swapped_2975,4,0.0023409587,0.0
1255,NLVPMVATV,swapped_260,4,0.011651973,0.0
1505,KVLEYVIKV,swapped_14,4,0.63175005,0.0
1350,FLYALALLL,swapped_7,4,0.77088326,0.0
6187,SLLMWITQV,10x,4,0.63270825,0.0
2496,NLVPMVATV,swapped_1808,4,0.7472499,0.0
3148,GLCTLVAML,10x,4,0.5479635,0.0
5076,NLVPMVATV,10x,4,0.6789466,0.0
2722,LLFGYPVYV,positive,4,0.2146883,1.0
5373,RTLNAWVKV,swapped_4480,4,0.36743143,0.0
3669,GLCTLVAML,10x,4,0.014300676,0.0
2656,RTLNAWVKV,swapped_1622,4,0.57224494,0.0
2447,NLVPMVATV,swapped_1796,4,0.022316368,0.0
