3878,NLVPMVATV,swapped_2819,4,0.0013637526,0.0
6673,GLCTLVAML,swapped_5897,4,0.2831532,0.0
6074,GLCTLVAML,10x,4,0.43919447,0.0
5464,GLCTLVAML,swapped_4259,4,4.1937824e-08,0.0
910,GLCTLVAML,10x,4,0.63108516,0.0
2849,NLVPMVATV,positive,4,0.4743267,1.0
4142,NLVPMVATV,swapped_2810,4,0.00019471267,0.0
6672,GLCTLVAML,swapped_5961,4,0.022843705,0.0
2007,GLCTLVAML,10x,4,0.64119256,0.0
781,GLCTLVAML,10x,4,0.0001007752,0.0
2191,NLVPMVATV,10x,4,0.041996393,0.0
800,GLCTLVAML,10x,4,0.15307558,0.0
6753,SLLMWITQV,swapped_5757,4,0.13088952,0.0
2195,FLYALALLL,10x,4,0.24215394,0.0
1628,GLCTLVAML,positive,4,0.07405314,1.0
3768,GLCTLVAML,10x,4,0.0017268748,0.0
4658,RMFPNAPYL,10x,4,0.4801759,0.0
3854,NLVPMVATV,swapped_2812,4,1.616564e-07,0.0
126,NLVPMVATV,positive,4,0.627759,1.0
6551,GLCTLVAML,10x,4,0.715757,0.0
4866,NLVPMVATV,10x,4,0.4843841,0.0
571,GLCTLVAML,10x,4,0.4123235,0.0
5324,GLCTLVAML,swapped_4233,4,0.18082991,0.0
6829,NLVPMVATV,swapped_5770,4,3.1594183e-05,0.0
4001,YLLEMLWRL,swapped_2868,4,0.008805205,0.0
2484,GLCTLVAML,swapped_1557,4,0.11072548,0.0
4545,MLDLQPETT,positive,4,0.27672604,1.0
718,NLVPMVATV,10x,4,0.3331715,0.0
5459,SLLMWITQV,swapped_4554,4,0.00029858493,0.0
666,GLCTLVAML,10x,4,0.51174456,0.0
6396,NLVPMVATV,10x,4,0.47195536,0.0
6850,GLCTLVAML,swapped_5716,4,0.56064415,0.0
5607,GLCTLVAML,swapped_4547,4,0.74932146,0.0
1259,LLFGYPVYV,swapped_327,4,0.47783378,0.0
3276,GLCTLVAML,10x,4,0.4112549,0.0
5024,FLYALALLL,10x,4,0.55845714,0.0
2750,GLCTLVAML,positive,4,0.82486683,1.0
6601,NLVPMVATV,10x,4,0.46818545,0.0
5227,YLLEMLWRL,10x,4,0.02032676,0.0
3776,GLCTLVAML,10x,4,0.3376011,0.0
1190,RTLNAWVKV,swapped_52,4,0.458201,0.0
5395,GLCTLVAML,swapped_4476,4,1.5374459e-06,0.0
2096,NLVPMVATV,10x,4,0.40353322,0.0
4300,GLCTLVAML,positive,4,0.63167477,1.0
4988,GLCTLVAML,10x,4,0.54121876,0.0
2584,NLVPMVATV,swapped_1663,4,1.092671e-07,0.0
5576,NLVPMVATV,swapped_4183,4,4.2366814e-06,0.0
2138,SLFNTVATL,10x,4,0.47783378,0.0
3662,GLCTLVAML,10x,4,0.324987,0.0
3496,GLCTLVAML,10x,4,0.24695651,0.0
1027,YLLEMLWRL,10x,4,0.025231961,0.0
1293,NLVPMVATV,swapped_245,4,0.06269869,0.0
5035,RTLNAWVKV,10x,4,0.38128468,0.0
1255,NLVPMVATV,swapped_260,4,9.085092e-06,0.0
4895,GLCTLVAML,10x,4,0.35716778,0.0
2478,GLCTLVAML,swapped_1814,4,2.291083e-05,0.0
2476,GLCTLVAML,swapped_1721,4,0.011040924,0.0
3608,GLCTLVAML,10x,4,0.04765052,0.0
2450,NLVPMVATV,swapped_1655,4,0.005622987,0.0
1459,NLVPMVATV,swapped_264,4,5.521585e-06,0.0
1706,GLCTLVAML,positive,4,0.8509897,1.0
1374,MLDLQPETT,swapped_88,4,0.00014431436,0.0
1222,NLVPMVATV,swapped_199,4,0.0004797001,0.0
4550,GLCTLVAML,positive,4,0.7147025,1.0
4036,GLCTLVAML,swapped_2727,4,1.5119494e-06,0.0
2596,GLCTLVAML,swapped_1550,4,1.8860601e-07,0.0
1457,FLYALALLL,swapped_239,4,0.055186804,0.0
829,NLVPMVATV,10x,4,0.35083523,0.0
3669,GLCTLVAML,10x,4,0.16380374,0.0
4265,NLVPMVATV,positive,4,0.47495952,1.0
2514,NLVPMVATV,swapped_1729,4,0.00011612966,0.0
3976,GLCTLVAML,swapped_2704,4,5.9249774e-05,0.0
2503,FLYALALLL,swapped_1699,4,1.9536555e-08,0.0
2472,GLCTLVAML,swapped_1586,4,0.0001214587,0.0
3540,NLVPMVATV,10x,4,0.43622643,0.0
5417,SLFNTVATL,swapped_4519,4,0.0011984868,0.0
6042,GLCTLVAML,10x,4,0.20128216,0.0
5789,FLYALALLL,positive,4,0.9130406,1.0
2528,RMFPNAPYL,swapped_1654,4,0.47783378,0.0
715,NLVPMVATV,10x,4,0.46494833,0.0
2637,GLCTLVAML,swapped_1534,4,0.896585,0.0
4755,MLDLQPETT,10x,4,0.46316284,0.0
6134,RTLNAWVKV,10x,4,0.4274402,0.0
1223,GLCTLVAML,swapped_291,4,0.34959292,0.0
5438,NLVPMVATV,swapped_4218,4,0.20778467,0.0
2598,NLVPMVATV,swapped_1676,4,7.808572e-06,0.0
3794,GLCTLVAML,10x,4,0.6492386,0.0
6044,NLVPMVATV,10x,4,0.35403186,0.0
2402,NLVPMVATV,swapped_1664,4,2.982711e-05,0.0
5477,LLFGYPVYV,swapped_4475,4,2.6963053e-05,0.0
6549,LLFGYPVYV,10x,4,0.43153638,0.0
5549,NLVPMVATV,swapped_4308,4,0.5027744,0.0
5503,NLVPMVATV,swapped_4333,4,0.86352354,0.0
5704,GLCTLVAML,swapped_4500,4,9.839465e-08,0.0
5557,NLVPMVATV,swapped_4407,4,0.0013316998,0.0
5602,NLVPMVATV,swapped_4523,4,0.00010341888,0.0
5670,NLVPMVATV,swapped_4247,4,6.149963e-08,0.0
4950,GLCTLVAML,10x,4,0.0027614066,0.0
2298,GLCTLVAML,10x,4,0.021822153,0.0
6897,GLCTLVAML,swapped_5866,4,0.31560618,0.0
1161,MLDLQPETT,swapped_157,4,0.47783378,0.0
5437,GLCTLVAML,swapped_4260,4,1.9462357e-06,0.0
3982,NLVPMVATV,swapped_2950,4,0.38785663,0.0
5329,NLVPMVATV,swapped_4489,4,4.2918396e-07,0.0
4075,NLVPMVATV,swapped_2976,4,0.0015030532,0.0
3841,NLVPMVATV,swapped_3005,4,0.00027806038,0.0
3694,GLCTLVAML,10x,4,0.17047717,0.0
1346,LLFGYPVYV,swapped_174,4,0.48065647,0.0
5490,GLCTLVAML,swapped_4498,4,0.00063875085,0.0
6631,LLFGYPVYV,swapped_5986,4,0.0046869447,0.0
6842,GLCTLVAML,swapped_5992,4,1.3878698e-05,0.0
1029,GLCTLVAML,10x,4,0.2742024,0.0
1818,GLCTLVAML,10x,4,0.47782964,0.0
5386,FLYALALLL,swapped_4266,4,0.33706698,0.0
4025,NLVPMVATV,swapped_2939,4,0.37305343,0.0
3994,LLFGYPVYV,swapped_3037,4,1.6891191e-06,0.0
3566,NLVPMVATV,10x,4,0.48497722,0.0
5373,RTLNAWVKV,swapped_4480,4,0.5210421,0.0
2270,SLFNTVATL,10x,4,0.5886933,0.0
4006,IMDQVPFSV,swapped_2766,4,0.0012448705,0.0
3611,NLVPMVATV,10x,4,0.32475567,0.0
292,NLVPMVATV,positive,4,0.81675524,1.0
6661,GLCTLVAML,swapped_5962,4,8.584187e-07,0.0
5060,RTLNAWVKV,10x,4,0.47783378,0.0
1422,NLVPMVATV,swapped_9,4,0.6808138,0.0
6726,GLCTLVAML,swapped_5890,4,9.413522e-08,0.0
6620,NLVPMVATV,swapped_5763,4,0.0089096995,0.0
4002,GLCTLVAML,swapped_2758,4,0.26204652,0.0
1048,NLVPMVATV,10x,4,0.20098571,0.0
6230,GLCTLVAML,10x,4,0.3861004,0.0
4097,GLCTLVAML,swapped_2834,4,0.24747434,0.0
5254,NLVPMVATV,10x,4,0.47783378,0.0
6103,GLCTLVAML,10x,4,0.6502549,0.0
5858,NLVPMVATV,positive,4,0.23538812,1.0
6439,GLCTLVAML,10x,4,0.28147548,0.0
69,GLCTLVAML,positive,4,0.97208124,1.0
1114,NLVPMVATV,10x,4,0.5056019,0.0
1849,LLFGYPVYV,10x,4,0.23373617,0.0
5764,NLVPMVATV,positive,4,0.82291114,1.0
4196,RMFPNAPYL,positive,4,0.4794506,1.0
6881,NLVPMVATV,swapped_5799,4,0.015373475,0.0
5449,GLCTLVAML,swapped_4175,4,0.19313888,0.0
1460,NLVPMVATV,swapped_296,4,9.91656e-06,0.0
6787,NLVPMVATV,swapped_5754,4,0.00089958357,0.0
4010,GLCTLVAML,swapped_2970,4,0.016263327,0.0
5348,SLLMWITQV,swapped_4410,4,0.03882096,0.0
6912,FLYALALLL,swapped_5803,4,0.007784035,0.0
774,GLCTLVAML,10x,4,0.33335078,0.0
5350,GLCTLVAML,swapped_4363,4,2.3428647e-05,0.0
1238,GLCTLVAML,swapped_30,4,3.5384786e-05,0.0
174,NLVPMVATV,positive,4,0.56261784,1.0
1701,KVLEYVIKV,positive,4,0.47783378,1.0
2538,LLFGYPVYV,swapped_1772,4,7.3623863e-07,0.0
5628,GLCTLVAML,swapped_4196,4,0.37371203,0.0
5635,SLFNTVATL,swapped_4496,4,1.5241567e-06,0.0
2242,NLVPMVATV,10x,4,0.35317105,0.0
1880,NLVPMVATV,10x,4,0.39915615,0.0
1738,LLFGYPVYV,positive,4,0.47676167,1.0
2772,NLVPMVATV,positive,4,0.47783378,1.0
2720,GLCTLVAML,positive,4,0.76414436,1.0
4647,MLDLQPETT,10x,4,0.34428817,0.0
1896,NLVPMVATV,10x,4,0.4621899,0.0
614,GLCTLVAML,10x,4,0.5053525,0.0
5221,NLVPMVATV,10x,4,0.29118872,0.0
4778,NLVPMVATV,10x,4,0.4333786,0.0
3955,GLCTLVAML,swapped_3011,4,0.0007700305,0.0
2373,GLCTLVAML,10x,4,0.3939801,0.0
4057,GLCTLVAML,swapped_2926,4,3.2942032e-07,0.0
6258,GLCTLVAML,10x,4,0.24234006,0.0
4764,FLYALALLL,10x,4,0.49930158,0.0
5971,NLVPMVATV,positive,4,0.39934024,1.0
6761,NLVPMVATV,swapped_5960,4,0.86423856,0.0
1494,FLYALALLL,swapped_26,4,1.9202055e-06,0.0
744,GLCTLVAML,10x,4,0.26842466,0.0
6485,NLVPMVATV,10x,4,0.6781384,0.0
1239,GLCTLVAML,swapped_269,4,4.5510023e-06,0.0
5426,GLCTLVAML,swapped_4202,4,1.31620445e-05,0.0
6734,GLCTLVAML,swapped_5856,4,0.003890914,0.0
5756,KTWGQYWQV,positive,4,0.55999976,1.0
1746,KVLEYVIKV,positive,4,0.3409277,1.0
3584,LLFGYPVYV,10x,4,0.4173724,0.0
4103,GLCTLVAML,swapped_2771,4,9.354421e-08,0.0
5047,NLVPMVATV,10x,4,0.000716975,0.0
536,NLVPMVATV,10x,4,0.34486517,0.0
5723,IMDQVPFSV,positive,4,0.2502217,1.0
5087,GLCTLVAML,10x,4,0.021278106,0.0
3664,NLVPMVATV,10x,4,0.4682952,0.0
2448,NLVPMVATV,swapped_1805,4,0.48871833,0.0
2132,GLCTLVAML,10x,4,0.3266365,0.0
2342,FLYALALLL,10x,4,0.42741802,0.0
5889,GLCTLVAML,positive,4,0.5092487,1.0
748,GLCTLVAML,10x,4,0.047342338,0.0
1435,GLCTLVAML,swapped_59,4,1.6393127e-05,0.0
2466,KTWGQYWQV,swapped_1642,4,0.02415711,0.0
1589,NLVPMVATV,positive,4,0.43800136,1.0
6744,GLCTLVAML,swapped_5796,4,0.0017248407,0.0
2713,GLCTLVAML,positive,4,0.54272044,1.0
4203,NLVPMVATV,positive,4,0.5458773,1.0
6406,GLCTLVAML,10x,4,0.6246406,0.0
5428,NLVPMVATV,swapped_4320,4,2.8870852e-07,0.0
3525,GLCTLVAML,10x,4,0.24417174,0.0
5014,NLVPMVATV,10x,4,0.53092,0.0
3578,NLVPMVATV,10x,4,0.4278324,0.0
5130,GLCTLVAML,10x,4,0.66784257,0.0
5824,NLVPMVATV,positive,4,0.83897257,1.0
5103,KTWGQYWQV,10x,4,0.47783378,0.0
2190,FLYALALLL,10x,4,0.10032727,0.0
2389,NLVPMVATV,10x,4,0.5039443,0.0
3866,NLVPMVATV,swapped_2734,4,4.2059068e-07,0.0
6662,NLVPMVATV,swapped_5840,4,0.46454918,0.0
5495,GLCTLVAML,swapped_4541,4,0.0017207429,0.0
1054,NLVPMVATV,10x,4,0.47783378,0.0
6467,GLCTLVAML,10x,4,0.055310033,0.0
6515,GLCTLVAML,10x,4,0.2406612,0.0
2660,GLCTLVAML,swapped_1532,4,3.8291748e-07,0.0
5076,NLVPMVATV,10x,4,0.49225858,0.0
2223,KTWGQYWQV,10x,4,0.26170084,0.0
747,GLCTLVAML,10x,4,0.43325987,0.0
5021,GLCTLVAML,10x,4,0.36724153,0.0
5133,GLCTLVAML,10x,4,0.3136378,0.0
76,GLCTLVAML,positive,4,0.97120667,1.0
4943,NLVPMVATV,10x,4,0.42521292,0.0
509,KTWGQYWQV,10x,4,0.47783378,0.0
2221,GLCTLVAML,10x,4,0.081760466,0.0
789,NLVPMVATV,10x,4,0.38213444,0.0
6789,GLCTLVAML,swapped_5779,4,0.021877613,0.0
4884,RTLNAWVKV,10x,4,0.16028076,0.0
2815,GLCTLVAML,positive,4,0.36153412,1.0
2595,GLCTLVAML,swapped_1707,4,0.00047971113,0.0
2410,NLVPMVATV,swapped_1619,4,0.16139314,0.0
6086,LLFGYPVYV,10x,4,0.47783378,0.0
2665,NLVPMVATV,swapped_1598,4,0.030889796,0.0
4337,GLCTLVAML,positive,4,0.6921368,1.0
652,GLCTLVAML,10x,4,0.48494422,0.0
6689,NLVPMVATV,swapped_5729,4,0.000103841434,0.0
6187,SLLMWITQV,10x,4,0.47727114,0.0
6138,GLCTLVAML,10x,4,0.23617443,0.0
1517,GLCTLVAML,swapped_345,4,0.10774207,0.0
3571,GLCTLVAML,10x,4,0.25232637,0.0
404,RTLNAWVKV,10x,4,0.58454573,0.0
1175,GLCTLVAML,swapped_224,4,1.738634e-07,0.0
6678,FLYALALLL,swapped_5983,4,0.00020564414,0.0
4776,NLVPMVATV,10x,4,0.4827841,0.0
409,KVLEYVIKV,10x,4,0.27493805,0.0
5106,NLVPMVATV,10x,4,0.300894,0.0
2449,KTWGQYWQV,swapped_1811,4,0.4430928,0.0
3148,GLCTLVAML,10x,4,0.11216327,0.0
1321,KLQCVDLHV,swapped_4,4,0.08625595,0.0
3984,NLVPMVATV,swapped_2709,4,6.29806e-06,0.0
2074,KVLEYVIKV,10x,4,0.47783378,0.0
5478,FLYALALLL,swapped_4415,4,1.212407e-08,0.0
6699,GLCTLVAML,swapped_5793,4,0.020159414,0.0
4132,NLVPMVATV,swapped_2987,4,2.6803352e-06,0.0
1158,GLCTLVAML,swapped_306,4,0.0184892,0.0
1396,LLFGYPVYV,swapped_36,4,0.000110287845,0.0
3175,RTLNAWVKV,10x,4,0.47783378,0.0
3036,KVLEYVIKV,positive,4,0.47783378,1.0
3456,NLVPMVATV,10x,4,0.10233077,0.0
6048,RTLNAWVKV,10x,4,0.30802265,0.0
6410,NLVPMVATV,10x,4,0.7933428,0.0
3565,IMDQVPFSV,10x,4,0.46204266,0.0
2327,NLVPMVATV,10x,4,0.6369699,0.0
1306,LLFGYPVYV,swapped_351,4,2.4075578e-06,0.0
4135,GLCTLVAML,swapped_2997,4,2.7485697e-07,0.0
5716,NLVPMVATV,positive,4,0.5450024,1.0
2601,SLLMWITQV,swapped_1798,4,0.0026724532,0.0
1871,RTLNAWVKV,10x,4,0.3662312,0.0
5850,GLCTLVAML,positive,4,0.5169288,1.0
5488,IMDQVPFSV,swapped_4265,4,0.47783378,0.0
2496,NLVPMVATV,swapped_1808,4,0.37252223,0.0
2585,NLVPMVATV,swapped_1615,4,0.40081197,0.0
359,GLCTLVAML,positive,4,0.48327187,1.0
5362,GLCTLVAML,swapped_4224,4,2.2145857e-06,0.0
6704,LLFGYPVYV,swapped_5767,4,0.47783378,0.0
1351,NLVPMVATV,swapped_284,4,0.018470276,0.0
5408,NLVPMVATV,swapped_4457,4,0.5394592,0.0
1969,NLVPMVATV,10x,4,0.46644208,0.0
6723,GLCTLVAML,swapped_5869,4,0.00082876586,0.0
5545,GLCTLVAML,swapped_4399,4,4.4812064e-06,0.0
2569,GLCTLVAML,swapped_1567,4,3.407767e-06,0.0
5407,GLCTLVAML,swapped_4188,4,0.00012609562,0.0
6823,RMFPNAPYL,swapped_5744,4,0.04599204,0.0
3500,GLCTLVAML,10x,4,0.5658734,0.0
3054,KTWGQYWQV,positive,4,0.570411,1.0
2539,FLYALALLL,swapped_1803,4,3.812166e-06,0.0
291,LLFGYPVYV,positive,4,0.47783378,1.0
2638,GLCTLVAML,swapped_1685,4,3.6525284e-07,0.0
4011,GLCTLVAML,swapped_3043,4,1.0164035e-06,0.0
5700,GLCTLVAML,swapped_4551,4,6.256556e-06,0.0
778,GLCTLVAML,10x,4,0.15760253,0.0
4844,GLCTLVAML,10x,4,0.7282634,0.0
511,GLCTLVAML,10x,4,0.014085629,0.0
2340,GLCTLVAML,10x,4,0.15468085,0.0
5400,GLCTLVAML,swapped_4537,4,6.430311e-05,0.0
1391,FLYALALLL,swapped_361,4,1.2946572e-06,0.0
4021,NLVPMVATV,swapped_2921,4,0.1558874,0.0
5450,GLCTLVAML,swapped_4325,4,0.00037264018,0.0
942,GLCTLVAML,10x,4,0.8358624,0.0
1207,GLCTLVAML,swapped_214,4,7.1425694e-07,0.0
5285,GLCTLVAML,10x,4,0.42081073,0.0
3738,NLVPMVATV,10x,4,0.53279686,0.0
6565,NLVPMVATV,10x,4,0.3674111,0.0
5613,GLCTLVAML,swapped_4514,4,6.0412854e-06,0.0
4678,LLFGYPVYV,10x,4,0.47783378,0.0
3960,GLCTLVAML,swapped_3025,4,2.8039565e-06,0.0
4947,NLVPMVATV,10x,4,0.47369602,0.0
5410,NLVPMVATV,swapped_4208,4,0.0027170184,0.0
5483,NLVPMVATV,swapped_4419,4,0.010477976,0.0
5413,LLFGYPVYV,swapped_4506,4,0.002156993,0.0
1496,NLVPMVATV,swapped_334,4,0.4096961,0.0
1562,NLVPMVATV,positive,4,0.7737769,1.0
1470,GLCTLVAML,swapped_165,4,0.1894179,0.0
4916,NLVPMVATV,10x,4,0.35779026,0.0
3080,NLVPMVATV,10x,4,0.52082115,0.0
5325,MLDLQPETT,swapped_4293,4,1.0223355e-06,0.0
5599,GLCTLVAML,swapped_4450,4,0.021330213,0.0
5601,GLCTLVAML,swapped_4254,4,5.980015e-06,0.0
6447,GLCTLVAML,10x,4,0.23099107,0.0
5246,RTLNAWVKV,10x,4,0.47783378,0.0
1212,GLCTLVAML,swapped_39,4,0.019755349,0.0
4059,SLFNTVATL,swapped_3021,4,7.213809e-06,0.0
600,NLVPMVATV,10x,4,0.47783378,0.0
6638,FLYALALLL,swapped_5901,4,1.5646679e-08,0.0
955,RTLNAWVKV,10x,4,0.6614116,0.0
1975,NLVPMVATV,10x,4,0.34757084,0.0
5005,GLCTLVAML,10x,4,0.35297754,0.0
4027,KTWGQYWQV,swapped_3002,4,0.0022559918,0.0
6843,GLCTLVAML,swapped_5996,4,0.37902135,0.0
5283,NLVPMVATV,10x,4,0.4856833,0.0
1360,GLCTLVAML,swapped_310,4,2.3499706e-06,0.0
6266,YLLEMLWRL,10x,4,0.2267133,0.0
2397,GLCTLVAML,10x,4,0.33412197,0.0
5654,NLVPMVATV,swapped_4530,4,7.0231225e-05,0.0
2654,NLVPMVATV,swapped_1588,4,0.00021587263,0.0
4698,NLVPMVATV,10x,4,0.5812117,0.0
1870,GLCTLVAML,10x,4,0.44991252,0.0
3987,GLCTLVAML,swapped_3058,4,6.245541e-07,0.0
5753,GLCTLVAML,positive,4,0.86121714,1.0
5334,KTWGQYWQV,swapped_4520,4,7.901317e-05,0.0
1206,FLYALALLL,10x,4,9.914496e-09,0.0
2722,LLFGYPVYV,positive,4,0.47783378,1.0
5152,NLVPMVATV,10x,4,0.36163872,0.0
5419,GLCTLVAML,swapped_4235,4,0.0016561742,0.0
48,GLCTLVAML,positive,4,0.8888776,1.0
176,LLFGYPVYV,positive,4,0.47783378,1.0
6873,FLYALALLL,swapped_5899,4,7.251518e-06,0.0
3537,LLFGYPVYV,10x,4,0.47783378,0.0
1216,NLVPMVATV,swapped_261,4,0.44916272,0.0
1793,NLVPMVATV,positive,4,0.5711785,1.0
6859,LLFGYPVYV,swapped_5819,4,0.038485914,0.0
2401,GLCTLVAML,10x,4,0.36486036,0.0
1140,SLLMWITQV,10x,4,0.46544534,0.0
5327,IMDQVPFSV,swapped_4330,4,7.124854e-07,0.0
2480,NLVPMVATV,swapped_1708,4,0.02641762,0.0
5583,GLCTLVAML,swapped_4492,4,0.00035187005,0.0
4109,FLYALALLL,swapped_2986,4,0.00023092974,0.0
3721,MLDLQPETT,10x,4,0.47783378,0.0
816,FLYALALLL,10x,4,0.21547785,0.0
2946,GLCTLVAML,positive,4,0.86286944,1.0
3876,NLVPMVATV,swapped_2854,4,0.06142242,0.0
5332,NLVPMVATV,swapped_4179,4,8.2207947e-07,0.0
465,GLCTLVAML,10x,4,0.038157232,0.0
2008,YLLEMLWRL,10x,4,0.5617553,0.0
5810,NLVPMVATV,positive,4,0.4811959,1.0
6731,GLCTLVAML,swapped_5822,4,0.00032728276,0.0
5339,GLCTLVAML,swapped_4453,4,0.00018677043,0.0
4012,GLCTLVAML,swapped_2742,4,0.00011146681,0.0
5881,GLCTLVAML,positive,4,0.4082616,1.0
1938,MLDLQPETT,10x,4,0.5426868,0.0
939,YLLEMLWRL,10x,4,0.00055322563,0.0
5954,GLCTLVAML,positive,4,0.36980197,1.0
1442,GLCTLVAML,swapped_17,4,0.30143467,0.0
6600,NLVPMVATV,10x,4,0.42741907,0.0
3087,RTLNAWVKV,10x,4,0.47783378,0.0
5201,RTLNAWVKV,10x,4,0.47783378,0.0
4086,NLVPMVATV,swapped_2755,4,0.47783378,0.0
3168,GLCTLVAML,10x,4,0.28152746,0.0
2135,LLFGYPVYV,10x,4,0.47428015,0.0
1615,SLFNTVATL,positive,4,0.4209922,1.0
2545,KVLEYVIKV,swapped_1575,4,0.4629616,0.0
5371,NLVPMVATV,swapped_4193,4,1.889562e-07,0.0
1012,GLCTLVAML,10x,4,0.2980811,0.0
4480,NLVPMVATV,positive,4,0.6053159,1.0
5070,RMFPNAPYL,10x,4,0.47015178,0.0
3085,FLYALALLL,10x,4,0.37796855,0.0
5634,GLCTLVAML,swapped_4394,4,7.570357e-08,0.0
3860,MLDLQPETT,swapped_2721,4,9.656205e-06,0.0
2414,NLVPMVATV,swapped_1558,4,0.1657243,0.0
5725,RTLNAWVKV,positive,4,0.556383,1.0
1421,LLFGYPVYV,swapped_231,4,0.47783378,0.0
3964,GLCTLVAML,swapped_2839,4,9.0478864e-07,0.0
1246,NLVPMVATV,swapped_208,4,0.12446458,0.0
4864,GLCTLVAML,10x,4,0.5027711,0.0
2656,RTLNAWVKV,swapped_1622,4,0.5332037,0.0
5621,GLCTLVAML,swapped_4227,4,0.2604328,0.0
1304,RTLNAWVKV,swapped_192,4,0.00041143174,0.0
1415,NLVPMVATV,swapped_149,4,0.060435876,0.0
5859,NLVPMVATV,positive,4,0.75309056,1.0
6573,NLVPMVATV,10x,4,0.4347557,0.0
6294,GLCTLVAML,10x,4,0.045360696,0.0
1959,NLVPMVATV,10x,4,0.21395633,0.0
4377,GLCTLVAML,positive,4,0.945096,1.0
6890,GLCTLVAML,swapped_5978,4,0.0009227453,0.0
6463,IMDQVPFSV,10x,4,0.47783378,0.0
4741,GLCTLVAML,10x,4,0.40415066,0.0
6893,LLFGYPVYV,swapped_5982,4,0.0012551694,0.0
2405,RTLNAWVKV,swapped_1530,4,6.053939e-06,0.0
3846,KTWGQYWQV,swapped_2975,4,1.0014103e-05,0.0
6061,GLCTLVAML,10x,4,0.12461566,0.0
439,GLCTLVAML,10x,4,0.23506309,0.0
2370,NLVPMVATV,10x,4,0.008811521,0.0
3599,NLVPMVATV,10x,4,0.45006892,0.0
1439,GLCTLVAML,swapped_288,4,4.921547e-07,0.0
5036,NLVPMVATV,10x,4,0.4956502,0.0
2760,GLCTLVAML,positive,4,0.15374137,1.0
5044,GLCTLVAML,10x,4,0.44487277,0.0
5267,RTLNAWVKV,10x,4,0.46483976,0.0
407,GLCTLVAML,10x,4,0.48668265,0.0
5333,GLCTLVAML,swapped_4432,4,6.324765e-05,0.0
3655,RTLNAWVKV,10x,4,0.47668418,0.0
2438,NLVPMVATV,swapped_1561,4,0.030001128,0.0
6540,NLVPMVATV,10x,4,0.50010246,0.0
4761,GLCTLVAML,10x,4,0.39476392,0.0
2115,GLCTLVAML,10x,4,0.79813766,0.0
2352,NLVPMVATV,10x,4,0.42982835,0.0
5331,GLCTLVAML,swapped_4553,4,0.0006943498,0.0
1836,GLCTLVAML,10x,4,0.19670503,0.0
6596,NLVPMVATV,10x,4,0.42610404,0.0
4547,FLYALALLL,positive,4,0.7581101,1.0
124,MLDLQPETT,positive,4,0.47783378,1.0
1823,NLVPMVATV,10x,4,0.40820706,0.0
3761,ILKEPVHGV,10x,4,0.46301422,0.0
5633,GLCTLVAML,swapped_4331,4,1.1930335e-05,0.0
3977,MLDLQPETT,swapped_2890,4,1.448891e-06,0.0
6460,LLFGYPVYV,10x,4,0.4791056,0.0
4095,FLYALALLL,swapped_2835,4,5.219699e-07,0.0
2097,NLVPMVATV,10x,4,0.757904,0.0
5429,GLCTLVAML,swapped_4204,4,3.7386642e-06,0.0
1064,NLVPMVATV,10x,4,0.41613206,0.0
5328,GLCTLVAML,swapped_4203,4,0.47050345,0.0
4872,NLVPMVATV,10x,4,0.47760323,0.0
6049,SLLMWITQV,10x,4,0.7983337,0.0
3187,NLVPMVATV,10x,4,0.3442964,0.0
2288,LLFGYPVYV,10x,4,0.47783378,0.0
3810,GLCTLVAML,swapped_2896,4,0.002685158,0.0
358,NLVPMVATV,positive,4,0.5254248,1.0
2564,GLCTLVAML,swapped_1620,4,6.200619e-05,0.0
3886,GLCTLVAML,swapped_2743,4,0.20869614,0.0
6737,GLCTLVAML,swapped_5724,4,0.15379725,0.0
6760,GLCTLVAML,swapped_5785,4,0.00022112396,0.0
94,GLCTLVAML,positive,4,0.9694346,1.0
5603,GLCTLVAML,swapped_4426,4,0.030945672,0.0
5263,CLGGLLTMV,10x,4,0.6573588,0.0
6867,KTWGQYWQV,swapped_5818,4,0.0021708761,0.0
5995,LLFGYPVYV,positive,4,0.47783378,1.0
1574,NLVPMVATV,positive,4,0.6993428,1.0
4055,RTLNAWVKV,swapped_2818,4,0.0009349412,0.0
1649,GLCTLVAML,positive,4,0.8102897,1.0
5619,IMDQVPFSV,swapped_4225,4,0.4379642,0.0
4388,GLCTLVAML,positive,4,0.7816699,1.0
1334,GLCTLVAML,swapped_225,4,0.26036897,0.0
2677,GLCTLVAML,swapped_1533,4,9.5052754e-05,0.0
6380,RTLNAWVKV,10x,4,0.37015617,0.0
2333,GLCTLVAML,10x,4,0.5910172,0.0
1424,GLCTLVAML,swapped_67,4,0.0004155219,0.0
4148,NLVPMVATV,swapped_2877,4,0.014110714,0.0
5471,NLVPMVATV,swapped_4469,4,0.0004894114,0.0
2077,SLFNTVATL,10x,4,0.41176623,0.0
2025,GLCTLVAML,10x,4,0.36864114,0.0
1553,GLCTLVAML,positive,4,0.38961336,1.0
2447,NLVPMVATV,swapped_1796,4,0.31876796,0.0
1094,YLLEMLWRL,10x,4,0.46274287,0.0
4298,SLFNTVATL,positive,4,0.32390162,1.0
4697,SLFNTVATL,10x,4,0.43402132,0.0
3650,NLVPMVATV,10x,4,0.47783378,0.0
3331,GLCTLVAML,10x,4,0.53288674,0.0
2172,RTLNAWVKV,10x,4,0.68843096,0.0
1437,IMDQVPFSV,swapped_356,4,0.47783378,0.0
6198,GLCTLVAML,10x,4,0.0804545,0.0
4917,GLCTLVAML,10x,4,0.3168768,0.0
2659,GLCTLVAML,swapped_1715,4,0.0027334706,0.0
5801,GLCTLVAML,positive,4,0.5527287,1.0
4345,NLVPMVATV,positive,4,0.5380161,1.0
1687,MLDLQPETT,positive,4,0.5274932,1.0
2433,NLVPMVATV,swapped_1746,4,0.1874066,0.0
1998,GLCTLVAML,10x,4,0.70380807,0.0
2608,LLFGYPVYV,swapped_1562,4,0.6538787,0.0
1008,GLCTLVAML,10x,4,0.612988,0.0
4996,GLCTLVAML,10x,4,0.12086861,0.0
3069,NLVPMVATV,10x,4,0.42756158,0.0
1183,GLCTLVAML,swapped_198,4,0.09777659,0.0
3062,NLVPMVATV,positive,4,0.8496073,1.0
5498,NLVPMVATV,swapped_4302,4,0.0011678315,0.0
6026,NLVPMVATV,10x,4,0.44150707,0.0
1933,GLCTLVAML,10x,4,0.05730412,0.0
4421,GLCTLVAML,positive,4,0.96580815,1.0
6206,LLFGYPVYV,10x,4,0.47783378,0.0
3904,GLCTLVAML,swapped_2920,4,0.17214844,0.0
1231,FLYALALLL,swapped_138,4,3.0754375e-08,0.0
6902,FLYALALLL,swapped_5917,4,0.5094177,0.0
6765,GLCTLVAML,swapped_5922,4,0.2810514,0.0
3818,GLCTLVAML,swapped_2751,4,2.7011693e-06,0.0
20,GLCTLVAML,positive,4,0.90849906,1.0
5045,NLVPMVATV,10x,4,0.47783378,0.0
4101,NLVPMVATV,swapped_2787,4,8.485084e-05,0.0
1464,GLCTLVAML,swapped_83,4,7.187137e-05,0.0
3299,IMDQVPFSV,10x,4,0.7989734,0.0
3897,RMFPNAPYL,swapped_2956,4,1.3116184e-05,0.0
4655,NLVPMVATV,10x,4,0.22766116,0.0
1881,GLCTLVAML,10x,4,0.15702324,0.0
5888,NLVPMVATV,positive,4,0.59069556,1.0
4016,NLVPMVATV,swapped_2907,4,6.455602e-06,0.0
5089,GLCTLVAML,10x,4,0.1797797,0.0
5343,IMDQVPFSV,swapped_4194,4,9.575198e-05,0.0
5396,IMDQVPFSV,swapped_4299,4,0.1896519,0.0
5394,NLVPMVATV,swapped_4403,4,0.2769188,0.0
4333,GLCTLVAML,positive,4,0.8969586,1.0
4039,GLCTLVAML,swapped_2795,4,6.13242e-06,0.0
6803,KTWGQYWQV,swapped_6000,4,0.412314,0.0
1019,GLCTLVAML,10x,4,0.36676654,0.0
5950,GLCTLVAML,positive,4,0.9703691,1.0
5078,LLFGYPVYV,10x,4,0.22450349,0.0
995,NLVPMVATV,10x,4,0.21315084,0.0
246,NLVPMVATV,positive,4,0.3102477,1.0
3879,GLCTLVAML,swapped_2785,4,0.14826566,0.0
1336,NLVPMVATV,swapped_326,4,0.09343445,0.0
4774,RTLNAWVKV,10x,4,0.44762897,0.0
2609,FLYALALLL,swapped_1628,4,0.030492803,0.0
2560,NLVPMVATV,swapped_1601,4,2.3026137e-06,0.0
6869,NLVPMVATV,swapped_5943,4,0.0934414,0.0
5072,GLCTLVAML,10x,4,0.624312,0.0
3772,NLVPMVATV,10x,4,0.4548577,0.0
5746,GLCTLVAML,positive,4,0.9751992,1.0
1622,NLVPMVATV,positive,4,0.62013066,1.0
415,GLCTLVAML,10x,4,0.33419314,0.0
5657,GLCTLVAML,swapped_4329,4,0.11551272,0.0
1475,GLCTLVAML,swapped_275,4,0.0030310696,0.0
1733,GLCTLVAML,positive,4,0.8429907,1.0
5296,GLCTLVAML,10x,4,0.15900584,0.0
488,GLCTLVAML,10x,4,0.14259973,0.0
1760,GLCTLVAML,positive,4,0.67701215,1.0
6284,NLVPMVATV,10x,4,0.47783378,0.0
1177,GLCTLVAML,swapped_135,4,5.0907926e-07,0.0
2513,GLCTLVAML,swapped_1577,4,0.00029063292,0.0
4184,GLCTLVAML,positive,4,0.41345033,1.0
6644,NLVPMVATV,swapped_5756,4,0.6886158,0.0
6781,GLCTLVAML,swapped_5888,4,0.48724875,0.0
4989,LLFGYPVYV,10x,4,0.47783378,0.0
1323,GLCTLVAML,swapped_201,4,4.4630933e-06,0.0
1356,NLVPMVATV,swapped_152,4,2.7032436e-07,0.0
5960,GLCTLVAML,positive,4,0.89751923,1.0
1505,KVLEYVIKV,swapped_14,4,0.37697253,0.0
4897,NLVPMVATV,10x,4,0.05812332,0.0
5703,GLCTLVAML,swapped_4251,4,1.5342997e-06,0.0
4195,NLVPMVATV,positive,4,0.82321775,1.0
1021,NLVPMVATV,10x,4,0.47342756,0.0
668,RTLNAWVKV,10x,4,0.44815823,0.0
3736,GLCTLVAML,10x,4,0.042400885,0.0
5053,GLCTLVAML,10x,4,0.42360914,0.0
2649,KTWGQYWQV,swapped_1560,4,0.47783378,0.0
2204,RTLNAWVKV,10x,4,0.46314427,0.0
6428,NLVPMVATV,10x,4,0.12457623,0.0
3902,NLVPMVATV,swapped_2733,4,0.7291786,0.0
105,LLFGYPVYV,positive,4,0.47725907,1.0
2855,NLVPMVATV,positive,4,0.46755728,1.0
5493,GLCTLVAML,swapped_4529,4,0.038559206,0.0
3218,GLCTLVAML,10x,4,0.50039446,0.0
3588,RMFPNAPYL,10x,4,0.48085904,0.0
1299,NLVPMVATV,swapped_228,4,1.0987153e-06,0.0
3816,GLCTLVAML,swapped_2741,4,6.8686603e-07,0.0
3110,NLVPMVATV,10x,4,0.4493372,0.0
6756,NLVPMVATV,swapped_5905,4,0.47556636,0.0
9,RTLNAWVKV,positive,4,0.5805765,1.0
5064,GLCTLVAML,10x,4,0.0020950802,0.0
1366,GLCTLVAML,swapped_358,4,0.5912541,0.0
818,GLCTLVAML,10x,4,0.054494422,0.0
1924,FLYALALLL,10x,4,0.28674778,0.0
6373,NLVPMVATV,10x,4,0.5908477,0.0
1456,RTLNAWVKV,swapped_91,4,3.495135e-05,0.0
1413,GLCTLVAML,swapped_139,4,0.22845402,0.0
1278,NLVPMVATV,swapped_94,4,0.95878,0.0
5420,NLVPMVATV,swapped_4501,4,1.1303844e-07,0.0
4136,GLCTLVAML,swapped_3057,4,0.29133743,0.0
943,NLVPMVATV,10x,4,0.2072716,0.0
3981,GLCTLVAML,swapped_2849,4,0.38240176,0.0
2769,GLCTLVAML,positive,4,0.8432255,1.0
4341,GLCTLVAML,positive,4,0.91794705,1.0
5330,RMFPNAPYL,swapped_4449,4,6.541092e-06,0.0
1122,GLCTLVAML,10x,4,0.30833858,0.0
4533,NLVPMVATV,positive,4,0.3730301,1.0
3612,GLCTLVAML,10x,4,0.07532137,0.0
3244,LLFGYPVYV,10x,4,0.5114453,0.0
433,RTLNAWVKV,10x,4,0.47783378,0.0
2631,FLYALALLL,swapped_1545,4,8.176219e-09,0.0
5161,RTLNAWVKV,10x,4,0.38257247,0.0
1534,FLYALALLL,positive,4,0.91232437,1.0
4668,RTLNAWVKV,10x,4,0.64010227,0.0
4998,NLVPMVATV,10x,4,0.38016325,0.0
4134,GLCTLVAML,swapped_2985,4,0.07735952,0.0
5458,NLVPMVATV,swapped_4298,4,0.30685267,0.0
3851,GLCTLVAML,swapped_2966,4,6.58828e-05,0.0
1350,FLYALALLL,swapped_7,4,0.63918984,0.0
1018,GLCTLVAML,10x,4,0.15422885,0.0
6868,GLCTLVAML,swapped_5833,4,1.7105937e-06,0.0
5872,GLCTLVAML,positive,4,0.9669377,1.0
1181,MLDLQPETT,swapped_240,4,0.005411438,0.0
5591,NLVPMVATV,swapped_4192,4,0.0013528888,0.0
3507,NLVPMVATV,10x,4,0.47783378,0.0
1335,NLVPMVATV,swapped_125,4,0.0025036251,0.0
4744,GLCTLVAML,10x,4,0.41620535,0.0
1074,GLCTLVAML,10x,4,0.7637248,0.0
1367,GLCTLVAML,swapped_237,4,1.25728475e-05,0.0
