peptide,n_positives,auc,auc_0.1,auc_swapped,auc_swapped_0.1,auc_10x,auc_10x_0.1,count,replication
FLYALALLL,15,0.883289124668435,0.7124110009772442,0.8744939271255061,0.6462816961431921,0.9,0.8380566801619433,42.0,0
GILGFVFTL,15,0.8033767173346525,0.7649399712396593,0.8487682853880038,0.7908646759647501,0.7962466258926435,0.7620815972003676,782.0,0
GLCTLVAML,15,0.9247115113988179,0.7980950123690878,0.9449090014756517,0.7930204261268026,0.8976973684210526,0.8060941828254847,225.0,0
LLFGYPVYV,15,0.9,0.5906432748538012,0.9074074074074074,0.6296296296296297,0.888888888888889,0.5321637426900585,33.0,0
NLVPMVATV,15,0.7995770676691729,0.6396418678274634,0.9043367346938775,0.7001432151808091,0.6701680672268907,0.6118973905351615,180.0,0
total,15,0.8348537386049207,0.7471309210966224,0.9096499573357918,0.7815685458706054,0.7988986431056755,0.7383830718983766,1262.0,0
FLYALALLL,15,0.8620689655172414,0.698450369956722,0.8623481781376519,0.6271041977413169,0.8615384615384616,0.8380566801619433,42.0,1
GILGFVFTL,15,0.8272219228242172,0.7533923175464888,0.9120126162379685,0.8175110406392838,0.8139030307171901,0.7464901191030674,782.0,1
GLCTLVAML,15,0.9396284829721362,0.7775786214762914,0.9547466797835711,0.7944443006187383,0.9194078947368421,0.7714681440443214,225.0,1
LLFGYPVYV,15,0.7999999999999999,0.47368421052631576,0.8148148148148149,0.47368421052631576,0.7777777777777777,0.5029239766081871,33.0,1
NLVPMVATV,15,0.7925281954887218,0.6388998812821527,0.8711734693877551,0.6737379162191193,0.6953781512605042,0.6113445378151261,180.0,1
total,15,0.851996905059845,0.7428206622280384,0.9159073745329005,0.7667535092795299,0.8212746697343731,0.7363830411286725,1262.0,1
FLYALALLL,15,0.8726790450928382,0.7124110009772442,0.8704453441295547,0.6654591945450672,0.8769230769230769,0.8380566801619433,42.0,2
GILGFVFTL,15,0.8158825309876936,0.7675238170357421,0.880145739300669,0.8269560463778403,0.8057880889739297,0.762594119836784,782.0,2
GLCTLVAML,15,0.9323107233323952,0.8195742663723762,0.955730447614363,0.8582597664845832,0.9009868421052631,0.7801246537396122,225.0,2
LLFGYPVYV,15,0.7333333333333334,0.7076023391812866,0.7777777777777777,0.6296296296296297,0.6666666666666666,0.8245614035087718,33.0,2
NLVPMVATV,15,0.8127349624060151,0.6797091412742382,0.8941326530612245,0.709094163981382,0.7121848739495797,0.6682883679787704,180.0,2
total,15,0.8467495168136125,0.7628268326686116,0.9240086701517277,0.8076316537968564,0.8096104704340364,0.7523832872863057,1262.0,2
FLYALALLL,15,0.8673740053050398,0.7124110009772442,0.8582995951417005,0.6462816961431921,0.8846153846153847,0.8380566801619433,42.0,3
GILGFVFTL,15,0.8475457156145493,0.7467248297478748,0.8594268312578172,0.8763276672839311,0.8456794341750093,0.7362126914991377,782.0,3
GLCTLVAML,15,0.9491978609625668,0.7983912779415467,0.9572060993605509,0.7983275946876537,0.9384868421052632,0.8009002770083102,225.0,3
LLFGYPVYV,15,0.9222222222222223,0.5906432748538012,0.9259259259259259,0.6296296296296297,0.9166666666666666,0.5614035087719299,33.0,3
NLVPMVATV,15,0.8106203007518797,0.6750098931539374,0.8898809523809524,0.7032760472610097,0.7127100840336134,0.6522556390977443,180.0,3
total,15,0.8683472319071772,0.7509367523137895,0.917054894614502,0.8035020268725148,0.844933098226325,0.7368197724133722,1262.0,3
FLYALALLL,15,0.8461538461538461,0.7124110009772442,0.8421052631578947,0.6462816961431921,0.8538461538461539,0.8380566801619433,42.0,4
GILGFVFTL,15,0.8259890592586577,0.7712499946574618,0.8869432813094785,0.8299040330174503,0.8164143916356306,0.765120766518065,782.0,4
GLCTLVAML,15,0.9496200394033211,0.8317211548432014,0.9604033448106246,0.8495870763973387,0.9351973684210527,0.807825484764543,225.0,4
LLFGYPVYV,15,0.5888888888888888,0.47368421052631576,0.7407407407407407,0.6491228070175439,0.3611111111111111,0.47368421052631576,33.0,4
NLVPMVATV,15,0.7899436090225564,0.6722892758211317,0.8673469387755102,0.6894020766201218,0.694327731092437,0.6599955771782398,180.0,4
total,15,0.8479435523672152,0.7617760813814414,0.9200070616620407,0.8128814420244257,0.8133020905036258,0.7498820081102985,1262.0,4
FLYALALLL,35,0.8514588859416445,0.698450369956722,0.8623481781376519,0.6271041977413169,0.8307692307692308,0.8380566801619433,42.0,0
GILGFVFTL,35,0.8326775286622323,0.7633158395964071,0.9036380444831149,0.8148206450652707,0.8215310759558547,0.756983345711804,782.0,0
GLCTLVAML,35,0.9204897269912751,0.7672093264402211,0.9429414658140678,0.78991379087167,0.8904605263157894,0.7420360110803323,225.0,0
LLFGYPVYV,35,0.7222222222222222,0.47368421052631576,0.7407407407407408,0.47368421052631576,0.6944444444444444,0.5029239766081871,33.0,0
NLVPMVATV,35,0.8303571428571429,0.6829244163039176,0.9077380952380952,0.7363945578231292,0.7347689075630252,0.6356700574966829,180.0,0
total,35,0.852321682730425,0.7459310201052125,0.9263037103149305,0.8055978125366181,0.8167579749365872,0.7294102291400018,1262.0,0
FLYALALLL,35,0.870026525198939,0.711014937875192,0.8744939271255061,0.6654591945450672,0.8615384615384616,0.7975708502024291,42.0,1
GILGFVFTL,35,0.8477450408616757,0.7738882372071464,0.8935233019740063,0.8434704958055588,0.8405542078108449,0.7668201836809196,782.0,1
GLCTLVAML,35,0.9157050379960596,0.7635060067844816,0.9429414658140678,0.7843477360395579,0.8792763157894736,0.7420360110803323,225.0,1
LLFGYPVYV,35,0.4111111111111111,0.47368421052631576,0.4629629629629629,0.47368421052631576,0.33333333333333326,0.47368421052631576,33.0,1
NLVPMVATV,35,0.7784304511278195,0.6309853581321725,0.8886054421768708,0.7005907626208379,0.6423319327731092,0.5958646616541353,180.0,1
total,35,0.8578460872250933,0.7612280819063142,0.9175452878117675,0.8046841325796077,0.8291482399977369,0.7486015913892472,1262.0,1
FLYALALLL,35,0.843501326259947,0.67192517101773,0.8663967611336032,0.6867675261027062,0.8,0.7165991902834008,42.0,2
GILGFVFTL,35,0.8664447020087555,0.82387885376715,0.901027788351732,0.8798480785137568,0.8610124030478014,0.8180724473225638,782.0,2
GLCTLVAML,35,0.9297776526878694,0.7988356763002356,0.9490900147565176,0.8163201905402957,0.9039473684210526,0.7766620498614958,225.0,2
LLFGYPVYV,35,0.6666666666666667,0.47368421052631576,0.7407407407407407,0.47368421052631576,0.5555555555555556,0.47368421052631576,33.0,2
NLVPMVATV,35,0.8176691729323309,0.6604174910961614,0.8983843537414965,0.7055137844611529,0.7179621848739497,0.6406457319770014,180.0,2
total,35,0.8744065643298595,0.789713999576683,0.9212428525191498,0.7914177060851602,0.8518920142195736,0.7908404546174159,1262.0,2
FLYALALLL,35,0.8647214854111406,0.67192517101773,0.8744939271255061,0.6079266993394418,0.8461538461538461,0.7975708502024291,42.0,3
GILGFVFTL,35,0.8620743114050953,0.7950058340518238,0.9056501169177226,0.8455312243303348,0.8552294393002356,0.7894880708108468,782.0,3
GLCTLVAML,35,0.9158457641429778,0.789207045195313,0.9402361042793901,0.7848655085820799,0.8832236842105263,0.7991689750692521,225.0,3
LLFGYPVYV,35,0.6888888888888889,0.5906432748538012,0.7592592592592593,0.5516569200779727,0.5833333333333333,0.6491228070175439,33.0,3
NLVPMVATV,35,0.7873590225563909,0.6245548080728136,0.8971088435374149,0.7135696383816684,0.6517857142857143,0.5958646616541353,180.0,3
total,35,0.8668061300193274,0.7717322430992706,0.9301778165733284,0.8165155137178464,0.8363428916276131,0.7607208845396629,1262.0,3
FLYALALLL,35,0.8726790450928382,0.6858858020382521,0.8744939271255061,0.6271041977413169,0.8692307692307693,0.7975708502024291,42.0,4
GILGFVFTL,35,0.8237226573746649,0.7602657359123093,0.8606775789874381,0.7935550715387631,0.8179177913691187,0.7560841831917752,782.0,4
GLCTLVAML,35,0.9235857022234731,0.784022397677278,0.9495818986719133,0.8172262924897092,0.8888157894736842,0.7506925207756233,225.0,4
LLFGYPVYV,35,0.7111111111111111,0.47368421052631576,0.8148148148148149,0.47368421052631576,0.5555555555555556,0.47368421052631576,33.0,4
NLVPMVATV,35,0.7868890977443609,0.6102097348634745,0.8809523809523809,0.6249552452559971,0.6706932773109244,0.6063688633348077,180.0,4
total,35,0.8442945797154057,0.7454852468318676,0.9100913112133309,0.7578748113921953,0.8126656042847309,0.7415493737124492,1262.0,4
FLYALALLL,65,0.8328912466843501,0.6565684768951556,0.8663967611336032,0.6462816961431921,0.7692307692307693,0.6761133603238867,42.0,0
GILGFVFTL,65,0.8647098341170999,0.8277021684488728,0.9189732992549894,0.8721775890048684,0.8561861482215465,0.823098765809525,782.0,0
GLCTLVAML,65,0.9154235857022235,0.7961692861481031,0.9444171175602557,0.8159318611334041,0.8766447368421052,0.7783933518005539,225.0,0
LLFGYPVYV,65,0.7333333333333333,0.47368421052631576,0.8333333333333334,0.47368421052631576,0.5833333333333334,0.47368421052631576,33.0,0
NLVPMVATV,65,0.7706766917293233,0.6623961218836565,0.8877551020408163,0.6876118868600072,0.6260504201680672,0.6439628482972136,180.0,0
total,65,0.8681912112615066,0.8039301449818916,0.9238909757843838,0.829880018851747,0.8414159225278404,0.7949794761110469,1262.0,0
FLYALALLL,65,0.8673740053050398,0.65936060309926,0.8744939271255061,0.6079266993394418,0.8538461538461539,0.7570850202429149,42.0,1
GILGFVFTL,65,0.8676111238252728,0.7951612533478288,0.888955353744086,0.8530299864621584,0.8642583797451054,0.7900005934472633,782.0,1
GLCTLVAML,65,0.9220377146073739,0.789207045195313,0.94146581406788,0.7804644419706424,0.8960526315789474,0.8009002770083102,225.0,1
LLFGYPVYV,65,0.7444444444444445,0.6491228070175439,0.8333333333333334,0.6491228070175439,0.6111111111111112,0.6491228070175439,33.0,1
NLVPMVATV,65,0.824483082706767,0.6626434507320934,0.9107142857142857,0.7108843537414966,0.7179621848739496,0.6273772666961521,180.0,1
total,65,0.8774537430626534,0.7783149401582898,0.9184966506144626,0.7954853886056366,0.857724113869742,0.7728104005570309,1262.0,1
FLYALALLL,65,0.8567639257294429,0.698450369956722,0.8663967611336032,0.6462816961431921,0.8384615384615385,0.7975708502024291,42.0,2
GILGFVFTL,65,0.8696855828786996,0.8200555390854274,0.9191908205992713,0.8745817722837738,0.86190931766153,0.8131630199632063,782.0,2
GLCTLVAML,65,0.9316070925978046,0.7753566296828478,0.9537629119527791,0.8051880808760712,0.9019736842105263,0.747229916897507,225.0,2
LLFGYPVYV,65,0.6666666666666666,0.5321637426900585,0.7777777777777779,0.5516569200779727,0.5,0.5029239766081871,33.0,2
NLVPMVATV,65,0.8263627819548872,0.701226751088247,0.9192176870748299,0.7525062656641603,0.7116596638655462,0.6732640424590889,180.0,2
total,65,0.8785936490044929,0.7962313389001365,0.9322472758657893,0.8390168184218527,0.8528019537769563,0.7793911469605735,1262.0,2
FLYALALLL,65,0.8859416445623343,0.6844897389361999,0.8987854251012146,0.6462816961431921,0.8615384615384616,0.7570850202429149,42.0,3
GILGFVFTL,65,0.8585086042065011,0.7827587935266309,0.8862907172766327,0.8562355641673656,0.8541445997198209,0.774472056726365,782.0,3
GLCTLVAML,65,0.9245707852518998,0.8215740589864755,0.9517953762911954,0.8379371941905921,0.8881578947368421,0.807825484764543,225.0,3
LLFGYPVYV,65,0.5222222222222223,0.47368421052631576,0.6851851851851852,0.47368421052631576,0.2777777777777778,0.47368421052631576,33.0,3
NLVPMVATV,65,0.7984022556390977,0.6510189948555599,0.9034863945578231,0.7108843537414966,0.6685924369747899,0.6146616541353384,180.0,3
total,65,0.8689649463002411,0.7750269433075272,0.9236850106415324,0.8181622024539276,0.8426606066892346,0.7603238560990269,1262.0,3
FLYALALLL,65,0.8408488063660478,0.5769928800781796,0.8582995951417005,0.5887492009375666,0.8076923076923077,0.5546558704453441,42.0,4
GILGFVFTL,65,0.8558214045785748,0.7897021505756536,0.9086410354015988,0.8287591838370192,0.8475245156661086,0.7859273872315327,782.0,4
GLCTLVAML,65,0.9223191669012103,0.7867628542225251,0.9466305951795377,0.8159318611334041,0.8898026315789473,0.7697368421052632,225.0,4
LLFGYPVYV,65,0.7777777777777777,0.47368421052631576,0.8148148148148149,0.47368421052631576,0.7222222222222222,0.47368421052631576,33.0,4
NLVPMVATV,65,0.7648026315789473,0.6435991294024535,0.8928571428571428,0.714017185821697,0.6066176470588235,0.622954444935869,180.0,4
total,65,0.8646823387813195,0.7741236658852229,0.9289126021243833,0.8112347532883445,0.8338063761774995,0.7658375885683602,1262.0,4
FLYALALLL,83,0.8859416445623343,0.711014937875192,0.8906882591093117,0.6654591945450672,0.8769230769230769,0.7975708502024291,42.0,0
GILGFVFTL,83,0.8679359501539232,0.817829157670156,0.9158736200989722,0.8675123285946118,0.8604059179280417,0.8123357904447797,782.0,0
GLCTLVAML,83,0.9334365325077401,0.8267587065045107,0.956468273487457,0.8462215548709453,0.9026315789473685,0.8234072022160666,225.0,0
LLFGYPVYV,83,0.7555555555555556,0.47368421052631576,0.8148148148148149,0.47368421052631576,0.6666666666666666,0.5029239766081871,33.0,0
NLVPMVATV,83,0.7951127819548872,0.6302433715868618,0.905187074829932,0.7117794486215538,0.6591386554621849,0.5853604599734631,180.0,0
total,83,0.8784439965484411,0.7999718123817381,0.9323453545052423,0.8410042013791921,0.852533215151201,0.7872225329521199,1262.0,0
FLYALALLL,83,0.8408488063660478,0.6286472148541115,0.8704453441295547,0.6462816961431921,0.7846153846153846,0.5951417004048583,42.0,1
GILGFVFTL,83,0.8713613914378733,0.8277993055088758,0.9220729784110065,0.8659954034305406,0.8633956333071378,0.8232336401875293,782.0,1
GLCTLVAML,83,0.9337179848015762,0.8092790377294208,0.9608952287260207,0.8548942449581899,0.8973684210526316,0.7783933518005541,225.0,1
LLFGYPVYV,83,0.5555555555555556,0.5321637426900585,0.7222222222222222,0.5516569200779727,0.3055555555555555,0.5029239766081871,33.0,1
NLVPMVATV,83,0.8318843984962405,0.6715472892758212,0.9132653061224489,0.7131220909416398,0.7313550420168067,0.6312472357363998,180.0,1
total,83,0.8794963398830163,0.8031207145645022,0.93573887543032,0.8420624182785548,0.8524601371038462,0.7906866060966695,1262.0,1
FLYALALLL,83,0.896551724137931,0.7808180929778026,0.9109311740890689,0.7293841892179843,0.8692307692307693,0.8785425101214575,42.0,2
GILGFVFTL,83,0.8691319016366816,0.8273796734096623,0.9185382565664256,0.8630187955614197,0.8613711688932926,0.8228649835543175,782.0,2
GLCTLVAML,83,0.9157050379960596,0.7936510287822004,0.9431874077717659,0.8089419318093561,0.8789473684210526,0.7749307479224377,225.0,2
LLFGYPVYV,83,0.7,0.47368421052631576,0.8333333333333334,0.47368421052631576,0.5,0.47368421052631576,33.0,2
NLVPMVATV,83,0.8411654135338346,0.692817570241393,0.9209183673469388,0.740422484783387,0.7426470588235293,0.6566784608580274,180.0,2
total,83,0.879596638869519,0.8050680399164829,0.9307760962739926,0.8279287701299956,0.8549942951975936,0.7967958812269569,1262.0,2
FLYALALLL,83,0.9230769230769231,0.7515007678347061,0.9149797570850202,0.6654591945450672,0.9384615384615385,0.9595141700404859,42.0,3
GILGFVFTL,83,0.8841625017533239,0.8294117807049275,0.9314807765511992,0.8841412629403733,0.8767297638979055,0.8229818746819213,782.0,3
GLCTLVAML,83,0.9448353504081057,0.8240182499592634,0.9572060993605509,0.8249928806275404,0.9282894736842106,0.8286011080332409,225.0,3
LLFGYPVYV,83,0.611111111111111,0.47368421052631576,0.7592592592592593,0.47368421052631576,0.3888888888888889,0.47368421052631576,33.0,3
NLVPMVATV,83,0.8517387218045113,0.7224970320538188,0.929421768707483,0.7632474042248478,0.7557773109243697,0.6975895621406457,180.0,3
total,83,0.8939887474089429,0.809944732493302,0.9419668690355927,0.8468424614434802,0.8709253095208908,0.7973467581883393,1262.0,3
FLYALALLL,83,0.8594164456233422,0.6858858020382521,0.8866396761133604,0.667590027700831,0.8076923076923077,0.7570850202429149,42.0,4
GILGFVFTL,83,0.8761082852861056,0.8317081008034013,0.9297406057969438,0.8842557478584164,0.8676837393651553,0.8253286888591966,782.0,4
GLCTLVAML,83,0.9356881508584295,0.8213518598071311,0.9535169699950812,0.8275817433401507,0.9118421052631578,0.8130193905817175,225.0,4
LLFGYPVYV,83,0.7000000000000001,0.5321637426900585,0.8148148148148149,0.47368421052631576,0.5277777777777778,0.6491228070175439,33.0,4
NLVPMVATV,83,0.8223684210526315,0.6584388603086664,0.9226190476190476,0.7198353025420695,0.6985294117647058,0.637328615656789,180.0,4
total,83,0.8865315973648431,0.812914319863104,0.9371413999744995,0.8397859614365113,0.8622030909656675,0.8021905051640993,1262.0,4
FLYALALLL,144,0.8399646330680813,0.6046039058743233,0.8556005398110661,0.5683879063380448,0.8102564102564103,0.6851102114260009,126.0,0
GILGFVFTL,144,0.8598825539552116,0.8131108868756046,0.885402505120815,0.8454962428275994,0.8558738890597298,0.8091957151109457,2346.0,0
GLCTLVAML,144,0.9136410545079277,0.8130564237782748,0.9456468273487456,0.8269776753738749,0.8708333333333333,0.8084025854108956,675.0,0
LLFGYPVYV,144,0.745679012345679,0.4866796621182586,0.8251028806584363,0.48884557071691576,0.6265432098765432,0.4834307992202729,99.0,0
NLVPMVATV,144,0.795282477025898,0.6424449281097481,0.8985260770975056,0.6714504515256395,0.6677462651727357,0.6236915818959162,540.0,0
total,144,0.8654387381927573,0.7915099407719264,0.9116000876169179,0.8202436491356547,0.843248636138378,0.7806092522735806,3786.0,0
FLYALALLL,144,0.8647214854111406,0.65936060309926,0.8704453441295547,0.6079266993394418,0.8538461538461539,0.7570850202429149,42.0,1
GILGFVFTL,144,0.8885550396066648,0.8338101467818686,0.9225624014356408,0.8571514435117102,0.8832131752485733,0.8312721531165872,782.0,1
GLCTLVAML,144,0.9224598930481283,0.793428829602856,0.9493359567142154,0.8112719082507054,0.8865131578947368,0.7835872576177285,225.0,1
LLFGYPVYV,144,0.7555555555555555,0.5906432748538012,0.8333333333333334,0.5516569200779727,0.638888888888889,0.6491228070175439,33.0,1
NLVPMVATV,144,0.8229558270676691,0.6544815987336763,0.9047619047619048,0.6894020766201217,0.7219012605042017,0.6423042901371074,180.0,1
total,144,0.8918824686923879,0.8062360999597966,0.9387989289812573,0.8299832595248554,0.8693293792609216,0.7981358522141035,1262.0,1
FLYALALLL,144,0.8912466843501327,0.6551724137931034,0.9190283400809718,0.7251225229064565,0.8384615384615385,0.5951417004048583,42.0,2
GILGFVFTL,144,0.8784263640860199,0.8380802919396055,0.938658980912502,0.8775870013824054,0.8689650459561966,0.8333672017882544,782.0,2
GLCTLVAML,144,0.9286518435125246,0.7743937665723555,0.9488440727988195,0.7839594066326663,0.9016447368421052,0.7628116343490305,225.0,2
LLFGYPVYV,144,0.6555555555555556,0.47368421052631576,0.8333333333333334,0.47368421052631576,0.3888888888888889,0.47368421052631576,33.0,2
NLVPMVATV,144,0.830592105263158,0.6643747526711516,0.9209183673469389,0.7516111707841031,0.7190126050420168,0.6190844758956214,180.0,2
total,144,0.8869678183537593,0.8124769257866264,0.9390441255798899,0.8388000130083249,0.8619343523399119,0.8031532991326418,1262.0,2
FLYALALLL,144,0.8673740053050398,0.6551724137931034,0.8866396761133604,0.6846366929469423,0.8307692307692308,0.6356275303643725,42.0,3
GILGFVFTL,144,0.8906959404091335,0.851151054733625,0.9204959486649628,0.8912679490885569,0.8860149656609834,0.8451372391754319,782.0,3
GLCTLVAML,144,0.9196453701097664,0.7855037255395737,0.9426955238563699,0.7956092888394128,0.8888157894736842,0.7731994459833795,225.0,3
LLFGYPVYV,144,0.7222222222222222,0.47368421052631576,0.7962962962962963,0.47368421052631576,0.6111111111111112,0.47368421052631576,33.0,3
NLVPMVATV,144,0.8341165413533834,0.6853977047882865,0.9068877551020408,0.7077515216612962,0.7442226890756303,0.670499778858912,180.0,3
total,144,0.8907377866083339,0.816948065235064,0.929628576192391,0.823293263907422,0.8720426964385062,0.8139425470069267,1262.0,3
FLYALALLL,144,0.8779840848806366,0.7654613988552282,0.8866396761133604,0.6846366929469423,0.8615384615384615,0.9190283400809717,42.0,4
GILGFVFTL,144,0.8833356710985774,0.838185199964409,0.9195171026156942,0.874553151054263,0.8776523046434552,0.83323232741025,782.0,4
GLCTLVAML,144,0.9286518435125246,0.7852074599671145,0.9508116084604032,0.8033758769772439,0.8990131578947368,0.7714681440443213,225.0,4
LLFGYPVYV,144,0.5444444444444445,0.47368421052631576,0.6851851851851852,0.47368421052631576,0.3333333333333333,0.47368421052631576,33.0,4
NLVPMVATV,144,0.7732612781954887,0.6248021369212505,0.8877551020408163,0.684031507339778,0.631827731092437,0.6047103051747015,180.0,4
total,144,0.8834557617787627,0.8119641189383423,0.9257937013897743,0.8309021015155215,0.863103601097585,0.8042897930439625,1262.0,4
FLYALALLL,212,0.8594164456233422,0.7124110009772442,0.8663967611336032,0.6462816961431921,0.8461538461538463,0.8380566801619433,42.0,0
GILGFVFTL,212,0.8793196364898085,0.8382473676828109,0.916961226820382,0.8777014863004484,0.8734069088051388,0.8340865318042776,782.0,0
GLCTLVAML,212,0.9323107233323951,0.801798332024827,0.955484505656665,0.8081652729955731,0.9013157894736842,0.8026315789473684,225.0,0
LLFGYPVYV,212,0.7333333333333334,0.4987468671679198,0.8333333333333334,0.4970760233918129,0.5833333333333333,0.5052631578947369,33.0,0
NLVPMVATV,212,0.7789003759398496,0.6473090621290067,0.8996598639455783,0.6885069817400644,0.6297268907563026,0.6306943830163645,180.0,0
total,212,0.8833220297967592,0.8135762764156276,0.9352092507772732,0.8385315872582426,0.858379458939567,0.8044883072642804,1262.0,0
FLYALALLL,212,0.883289124668435,0.6970543068546698,0.9028340080971661,0.6846366929469423,0.8461538461538461,0.7570850202429149,42.0,1
GILGFVFTL,212,0.88964763725758,0.8439279429517932,0.9349611180597096,0.8740952113820906,0.8825298117333515,0.8407043679516898,782.0,1
GLCTLVAML,212,0.9304812834224598,0.8060201164323699,0.9522872602065912,0.8301706060527609,0.9013157894736842,0.7801246537396122,225.0,1
LLFGYPVYV,212,0.7444444444444444,0.47368421052631576,0.9074074074074074,0.6296296296296297,0.5,0.47368421052631576,33.0,1
NLVPMVATV,212,0.8351738721804511,0.6609121487930352,0.9321853741496599,0.7831632653061225,0.7153361344537815,0.6135559486952675,180.0,1
total,212,0.8927612788598392,0.8190361610944169,0.9362145568316677,0.8367042273442213,0.8718729667801339,0.8134214471785919,1262.0,1
FLYALALLL,212,0.8806366047745359,0.6272511517520593,0.9190283400809717,0.7059450245045813,0.8076923076923078,0.5141700404858299,42.0,2
GILGFVFTL,212,0.887661767202876,0.8299402063113445,0.9256077002555877,0.873007604660681,0.8817012334711449,0.8238001125751475,782.0,2
GLCTLVAML,212,0.9268224036025894,0.7966136845067919,0.9586817511067389,0.8383255235974836,0.8842105263157894,0.7610803324099723,225.0,2
LLFGYPVYV,212,0.7,0.49967511371020146,0.7962962962962964,0.49447693307342433,0.5555555555555556,0.5087719298245614,33.0,2
NLVPMVATV,212,0.7854793233082706,0.6794618124258014,0.8932823129251701,0.7319190834228428,0.6523109243697479,0.6638655462184874,180.0,2
total,212,0.887821155762734,0.8090297241953834,0.9422611049539521,0.8510185466707205,0.8616514695759587,0.7920216142283083,1262.0,2
FLYALALLL,212,0.8779840848806366,0.6426078458746336,0.8987854251012146,0.6462816961431921,0.8384615384615385,0.6356275303643725,42.0,3
GILGFVFTL,212,0.8852108049048776,0.8434344866869774,0.9131002229593778,0.8800484271203322,0.8808299449892372,0.8379529306404015,782.0,3
GLCTLVAML,212,0.9269631297495076,0.8070570459359769,0.9498278406296115,0.8025992181634608,0.8963815789473684,0.8130193905817175,225.0,3
LLFGYPVYV,212,0.7777777777777777,0.47368421052631576,0.8611111111111112,0.47368421052631576,0.6527777777777777,0.5029239766081871,33.0,3
NLVPMVATV,212,0.8223684210526316,0.659180846853977,0.9128401360544218,0.7229681346222699,0.710609243697479,0.614108801415303,180.0,3
total,212,0.8904862431183752,0.817769226528068,0.9323110269814336,0.842046983797925,0.8703807602002809,0.8069101807521605,1262.0,3
FLYALALLL,212,0.870026525198939,0.6858858020382521,0.8866396761133603,0.6271041977413169,0.8384615384615385,0.7975708502024291,42.0,4
GILGFVFTL,212,0.8830846689355294,0.8444136282518089,0.9281635760509,0.8590118234299109,0.8760036901629822,0.8421430279837361,782.0,4
GLCTLVAML,212,0.8906557838446383,0.7652095338261218,0.9308903098868666,0.8024697750278302,0.8368421052631579,0.7368421052631579,225.0,4
LLFGYPVYV,212,0.7222222222222222,0.47368421052631576,0.8148148148148149,0.47368421052631576,0.5833333333333334,0.5029239766081871,33.0,4
NLVPMVATV,212,0.8023966165413534,0.6688266719430155,0.903061224489796,0.6898496240601504,0.6780462184873949,0.6434099955771783,180.0,4
total,212,0.8811663976106552,0.8127366808895155,0.9343461587500858,0.8320583970543372,0.8556024931400928,0.8054610269438388,1262.0,4
FLYALALLL,359,0.8832891246684351,0.6412117827725814,0.902834008097166,0.6654591945450672,0.8461538461538463,0.5951417004048583,42.0,0
GILGFVFTL,359,0.8966018736573229,0.8636739645092266,0.933057806297243,0.8948742240069149,0.8908753886629993,0.8600183788819094,782.0,0
GLCTLVAML,359,0.9313256403039685,0.7795784140903906,0.9513034923757993,0.7930204261268026,0.9046052631578947,0.7714681440443213,225.0,0
LLFGYPVYV,359,0.7111111111111111,0.47368421052631576,0.7962962962962963,0.47368421052631576,0.5833333333333334,0.5029239766081871,33.0,0
NLVPMVATV,359,0.816141917293233,0.6149089829837753,0.9147534013605443,0.6831364124597208,0.694327731092437,0.5903361344537815,180.0,0
total,359,0.9003617131703715,0.8293928484225073,0.9377347757431909,0.8354240429976755,0.8823962055991929,0.8269501912932655,1262.0,0
FLYALALLL,359,0.9098143236074271,0.7640653357531761,0.9109311740890689,0.7038141913488174,0.9076923076923078,0.8785425101214575,42.0,1
GILGFVFTL,359,0.8955683353388899,0.8574144523626259,0.9238131491652617,0.8519423797407488,0.8911316499812074,0.8584358528466586,782.0,1
GLCTLVAML,359,0.9202082746974389,0.7869850534018695,0.9463846532218396,0.7921143241773889,0.8851973684210527,0.7853185595567866,225.0,1
LLFGYPVYV,359,0.8999999999999999,0.7076023391812866,0.9629629629629629,0.8245614035087718,0.8055555555555555,0.5321637426900585,33.0,1
NLVPMVATV,359,0.8021616541353384,0.627770083102493,0.9170918367346939,0.7397064088793412,0.6601890756302521,0.5936532507739938,180.0,1
total,359,0.8935238695667403,0.8251848157557056,0.9293833795937583,0.8313253882752665,0.8762859378978038,0.823987366555019,1262.0,1
FLYALALLL,359,0.8541114058355438,0.6286472148541115,0.882591093117409,0.6462816961431921,0.8,0.5951417004048583,42.0,2
GILGFVFTL,359,0.8889832197671588,0.8658420636884963,0.9264234052966447,0.8879478864653068,0.8831021286773498,0.8631834309524109,782.0,2
GLCTLVAML,359,0.9048691246833662,0.7795043476972758,0.9407279881947861,0.7873249281590597,0.8569078947368421,0.7783933518005539,225.0,2
LLFGYPVYV,359,0.8444444444444446,0.47368421052631576,0.9074074074074073,0.5516569200779727,0.7500000000000001,0.47368421052631576,33.0,2
NLVPMVATV,359,0.778312969924812,0.6586861891571033,0.8996598639455782,0.6719477264590046,0.6284138655462185,0.6550199026979213,180.0,2
total,359,0.8878147875731147,0.8331282943859883,0.9332427740562383,0.8415823491485999,0.8659772185080763,0.8296896875336544,1262.0,2
FLYALALLL,359,0.8594164456233422,0.6174787100376937,0.9028340080971661,0.6462816961431921,0.7769230769230769,0.6356275303643725,42.0,3
GILGFVFTL,359,0.8966166384904435,0.8649056624300662,0.9344173146990049,0.8884058261374792,0.890678921652373,0.8615379635407581,782.0,3
GLCTLVAML,359,0.9151421334083873,0.7758010280415365,0.9520413182488932,0.7913376653636057,0.8657894736842106,0.7801246537396122,225.0,3
LLFGYPVYV,359,0.8,0.47368421052631576,0.8148148148148148,0.47368421052631576,0.7777777777777778,0.47368421052631576,33.0,3
NLVPMVATV,359,0.802514097744361,0.6525029679461812,0.8975340136054422,0.652703186537773,0.6851365546218487,0.6599955771782398,180.0,3
total,359,0.8950442748383276,0.8298788418408157,0.9349591502466679,0.8376127452675766,0.8758568990391415,0.8263993143318831,1262.0,3
FLYALALLL,359,0.8594164456233422,0.6440039089766858,0.8704453441295548,0.5695717025356914,0.8384615384615385,0.7975708502024291,42.0,4
GILGFVFTL,359,0.894416678355493,0.8585179293642613,0.9310457338626352,0.8849426573666751,0.8886629992824684,0.8543716382561282,782.0,4
GLCTLVAML,359,0.8905150576977202,0.7695794510198942,0.9338416133792424,0.7795583400212287,0.8325657894736843,0.7697368421052632,225.0,4
LLFGYPVYV,359,0.6555555555555556,0.47368421052631576,0.7777777777777779,0.47368421052631576,0.4722222222222222,0.47368421052631576,33.0,4
NLVPMVATV,359,0.7727913533834587,0.6349426197071626,0.8932823129251701,0.6835839598997494,0.6239495798319328,0.6085802742149491,180.0,4
total,359,0.8855301995472217,0.814402465226752,0.9216106474170991,0.819896645762151,0.8681860614232775,0.8127713131070504,1262.0,4
FLYALALLL,550,0.8090185676392573,0.6579645399972079,0.8461538461538461,0.6271041977413169,0.7384615384615385,0.7165991902834008,42.0,0
GILGFVFTL,550,0.9030836353972108,0.8749107796103872,0.9299581271412257,0.8989956810564668,0.8988621997471554,0.871977240398293,782.0,0
GLCTLVAML,550,0.9314663664508867,0.8138711541025375,0.9574520413182489,0.8119191239288581,0.8967105263157895,0.8164819944598338,225.0,0
LLFGYPVYV,550,0.7111111111111111,0.47368421052631576,0.8148148148148149,0.47368421052631576,0.5555555555555556,0.5029239766081871,33.0,0
NLVPMVATV,550,0.7800751879699248,0.6262861100118717,0.9068877551020408,0.6992481203007519,0.6234243697478992,0.5931003980539584,180.0,0
total,550,0.9001244981070557,0.8371436055248402,0.9436636294981315,0.8556230806913616,0.8791949156537893,0.8293720647811456,1262.0,0
FLYALALLL,550,0.8541114058355438,0.6035180790171716,0.882591093117409,0.6654591945450672,0.8,0.5951417004048583,42.0,1
GILGFVFTL,550,0.9014152092545975,0.8694283639438113,0.9314807765511991,0.8852002484322721,0.8966925205863259,0.8671847041665393,782.0,1
GLCTLVAML,550,0.9192231916690121,0.8002429377694165,0.9473684210526315,0.7993631397726979,0.881578947368421,0.8026315789473684,225.0,1
LLFGYPVYV,550,0.5166666666666667,0.47368421052631576,0.6481481481481483,0.47368421052631576,0.3194444444444444,0.47368421052631576,33.0,1
NLVPMVATV,550,0.7568139097744361,0.6406311832212109,0.8788265306122449,0.6334586466165414,0.60609243697479,0.6505970809376382,180.0,1
total,550,0.8948643734815849,0.8350287050557189,0.9302660873488362,0.845959753688402,0.877846507812279,0.8299676074420996,1262.0,1
FLYALALLL,550,0.7599469496021221,0.5323886639676113,0.7975708502024292,0.5313765182186235,0.6884615384615385,0.5344129554655871,42.0,2
GILGFVFTL,550,0.9035745660984666,0.8647424721692609,0.9150851052259502,0.8717768917917175,0.9017664946868487,0.8637588949652293,782.0,2
GLCTLVAML,550,0.8336616943428088,0.6093523281888933,0.9141662567634038,0.6767804903305977,0.7259868421052631,0.5674408693799275,225.0,2
LLFGYPVYV,550,0.7222222222222223,0.5,0.8148148148148149,0.5131578947368421,0.5833333333333334,0.49122807017543857,33.0,2
NLVPMVATV,550,0.7530545112781954,0.5289837496968227,0.9162414965986394,0.6813462226996062,0.5514705882352942,0.5020885547201337,180.0,2
total,550,0.8852675117254292,0.7938138232951393,0.931536205729754,0.8179557211077104,0.863025808337498,0.7848819024648317,1262.0,2
FLYALALLL,550,0.8461538461538461,0.579785006282284,0.8704453441295548,0.5503942041338163,0.7999999999999999,0.6356275303643725,42.0,3
GILGFVFTL,550,0.9080150896594491,0.8908101735916971,0.9383326988960792,0.9116462645002305,0.9032528103324564,0.8882340987604145,782.0,3
GLCTLVAML,550,0.9152828595553054,0.7599508199149718,0.9503197245450073,0.7830533046832526,0.868421052631579,0.7489612188365651,225.0,3
LLFGYPVYV,550,0.638888888888889,0.47368421052631576,0.7592592592592593,0.47368421052631576,0.45833333333333337,0.47368421052631576,33.0,3
NLVPMVATV,550,0.8046287593984962,0.6658587257617729,0.9258078231292517,0.7150401513989054,0.654936974789916,0.663312693498452,180.0,3
total,550,0.9065054241055082,0.8473712532211728,0.9457036651987564,0.8661536293484327,0.8876625397214547,0.8409652952477185,1262.0,3
FLYALALLL,550,0.8381962864721486,0.6579645399972079,0.8623481781376519,0.6271041977413169,0.7923076923076923,0.7165991902834008,42.0,4
GILGFVFTL,550,0.9115512671918027,0.8866915622475651,0.9451302409048888,0.9093279449098575,0.9062766938873134,0.8844036664250916,782.0,4
GLCTLVAML,550,0.920489726991275,0.8037240582458115,0.9572060993605509,0.8240867786781267,0.8713815789473685,0.7835872576177285,225.0,4
LLFGYPVYV,550,0.7944444444444444,0.47368421052631576,0.8611111111111112,0.47368421052631576,0.6944444444444444,0.5029239766081871,33.0,4
NLVPMVATV,550,0.8226033834586466,0.6743792045904234,0.9211309523809524,0.7178213390619406,0.7008928571428572,0.6400928792569659,180.0,4
total,550,0.9092724024950567,0.8491659387512622,0.9486264086544591,0.8591229395097411,0.8903546406917426,0.845347496661239,1262.0,4
FLYALALLL,724,0.8779840848806366,0.6286472148541115,0.9028340080971661,0.6462816961431921,0.8307692307692308,0.5951417004048583,42.0,0
GILGFVFTL,724,0.9169182840310948,0.8870257137339758,0.9356136820925555,0.8961335581053891,0.9139816175214405,0.8856894688287329,782.0,0
GLCTLVAML,724,0.9142977765268786,0.7609877494185788,0.9542547958681751,0.7993631397726979,0.8608552631578947,0.7368421052631579,225.0,0
LLFGYPVYV,724,0.5888888888888888,0.47368421052631576,0.7314814814814815,0.47368421052631576,0.375,0.47368421052631576,33.0,0
NLVPMVATV,724,0.7657424812030076,0.6312326869806094,0.8907312925170068,0.6885069817400644,0.6113445378151261,0.6063688633348077,180.0,0
total,724,0.908629215343516,0.8432403091655509,0.9403093400288351,0.8514832587505503,0.8934003451169721,0.839595547127524,1262.0,0
FLYALALLL,724,0.8673740053050397,0.6705291079156779,0.8825910931174088,0.6462816961431921,0.8384615384615385,0.7165991902834008,42.0,1
GILGFVFTL,724,0.9107465837867367,0.8793285730993289,0.9454565229213117,0.895360784908598,0.9052943588341817,0.8770395253860553,782.0,1
GLCTLVAML,724,0.9424430059104982,0.8341653458159894,0.9631087063453025,0.8314650374090662,0.9148026315789474,0.83898891966759,225.0,1
LLFGYPVYV,724,0.8777777777777778,0.6491228070175439,0.8703703703703703,0.6491228070175439,0.8888888888888888,0.6783625730994152,33.0,1
NLVPMVATV,724,0.8115601503759398,0.6631381084289671,0.9175170068027212,0.7225205871822413,0.680672268907563,0.6207430340557276,180.0,1
total,724,0.9100747943870776,0.8499553975350749,0.9480379368177406,0.8607902763804439,0.8918256310642992,0.8449603939316188,1262.0,1
FLYALALLL,724,0.9124668435013263,0.7389361999162363,0.9190283400809716,0.6846366929469423,0.9,0.8785425101214575,42.0,2
GILGFVFTL,724,0.9073802018352686,0.883820190753873,0.9390940236010659,0.9015715917124367,0.9023986059384289,0.8820298773722155,782.0,2
GLCTLVAML,724,0.9028989586265128,0.72913920037922,0.9390063944909002,0.7519869521319285,0.8546052631578948,0.7229916897506925,225.0,2
LLFGYPVYV,724,0.5777777777777777,0.47368421052631576,0.7222222222222223,0.47368421052631576,0.36111111111111105,0.47368421052631576,33.0,2
NLVPMVATV,724,0.7914708646616542,0.638405223585279,0.9019982993197279,0.6949964196204798,0.654936974789916,0.6091331269349846,180.0,2
total,724,0.9040855120502068,0.8464143489389171,0.9414764758383272,0.8515141019016416,0.8861113992324448,0.8442904084380454,1262.0,2
FLYALALLL,724,0.8992042440318302,0.7389361999162363,0.9149797570850202,0.6654591945450672,0.8692307692307693,0.8785425101214575,42.0,3
GILGFVFTL,724,0.9043534110455714,0.8834044441370597,0.9430637881342105,0.904118881138896,0.8982727987152765,0.8805822257149691,782.0,3
GLCTLVAML,724,0.9244300591049817,0.7479520642303761,0.9461387112641416,0.7693323323064178,0.8953947368421052,0.7333795013850415,225.0,3
LLFGYPVYV,724,0.7,0.47368421052631576,0.7777777777777779,0.47368421052631576,0.5833333333333333,0.47478070175438597,33.0,3
NLVPMVATV,724,0.8153195488721805,0.6816383062920459,0.9192176870748299,0.7314715359828141,0.6869747899159664,0.6638655462184874,180.0,3
total,724,0.9064688070151977,0.8489968373639145,0.9479202424503967,0.8613735861835072,0.8865427954474733,0.8446923997341895,1262.0,3
FLYALALLL,724,0.8594164456233422,0.6049141421192238,0.8704453441295548,0.5887492009375666,0.8384615384615385,0.6356275303643725,42.0,4
GILGFVFTL,724,0.9133378119993799,0.8878028102140006,0.9274022513459133,0.908354823106491,0.911128574845389,0.8845745073038971,782.0,4
GLCTLVAML,724,0.8992400788066424,0.7416564208156191,0.9429414658140679,0.763636834338675,0.8407894736842105,0.7403047091412742,225.0,4
LLFGYPVYV,724,0.5888888888888888,0.47368421052631576,0.7592592592592593,0.47368421052631576,0.33333333333333337,0.47368421052631576,33.0,4
NLVPMVATV,724,0.7523496240601504,0.5698951325682627,0.8934948979591837,0.6439760114572145,0.5779936974789915,0.5450022114108801,180.0,4
total,724,0.9063892046449575,0.8373949870169931,0.9365872556615895,0.849573177247201,0.8918727781916247,0.8321264495880583,1262.0,4
