2588,GILGFVFTL,swapped_1739,5,0.9980868,0.0
2001,NLVPMVATV,10x,5,0.13658386,0.0
3233,FLYALALLL,10x,5,0.38619524,0.0
5146,GILGFVFTL,10x,5,0.9325817,0.0
1420,GILGFVFTL,swapped_171,5,0.60548836,0.0
1084,IMDQVPFSV,10x,5,0.5092694,0.0
1370,KVAELVHFL,swapped_323,5,0.33643565,0.0
6563,NLVPMVATV,10x,5,0.1874008,0.0
6366,GILGFVFTL,10x,5,0.54985064,0.0
150,GILGFVFTL,positive,5,0.020446468,1.0
3368,LLFGYPVYV,10x,5,0.59905165,0.0
203,GILGFVFTL,positive,5,0.368115,1.0
3253,GILGFVFTL,10x,5,0.05169546,0.0
3100,GILGFVFTL,10x,5,0.20825946,0.0
4268,GLCTLVAML,positive,5,0.9971193,1.0
6149,GILGFVFTL,10x,5,0.35670993,0.0
6801,GILGFVFTL,swapped_5882,5,0.054468103,0.0
6715,GLCTLVAML,swapped_5990,5,0.0018664019,0.0
5436,IMDQVPFSV,swapped_4374,5,0.014175704,0.0
2525,RMFPNAPYL,swapped_1595,5,0.22504248,0.0
622,KTWGQYWQV,10x,5,0.21031679,0.0
6100,GILGFVFTL,10x,5,0.61603904,0.0
89,GILGFVFTL,positive,5,0.002871389,1.0
6320,GILGFVFTL,10x,5,0.7898658,0.0
1671,GILGFVFTL,positive,5,0.29429486,1.0
2853,GILGFVFTL,positive,5,0.023506667,1.0
6479,GILGFVFTL,10x,5,0.60478026,0.0
6261,GILGFVFTL,10x,5,0.049377628,0.0
4869,GILGFVFTL,10x,5,0.02869209,0.0
2209,NLVPMVATV,10x,5,0.46881464,0.0
1085,NLVPMVATV,10x,5,0.2952367,0.0
5544,GLCTLVAML,swapped_4336,5,0.044127565,0.0
141,GILGFVFTL,positive,5,0.009651188,1.0
2508,MLDLQPETT,swapped_1596,5,0.27500927,0.0
1686,FLYALALLL,positive,5,0.17141329,1.0
6493,GILGFVFTL,10x,5,0.44058436,0.0
551,GILGFVFTL,10x,5,0.25847945,0.0
1926,KTWGQYWQV,10x,5,0.23823406,0.0
4754,GLCTLVAML,10x,5,0.028616123,0.0
2869,GLCTLVAML,positive,5,0.9771024,1.0
1809,GLCTLVAML,positive,5,0.7876732,1.0
1117,GILGFVFTL,10x,5,0.30345196,0.0
1137,GLCTLVAML,10x,5,0.0042129266,0.0
5241,GILGFVFTL,10x,5,0.20756844,0.0
1253,FLYALALLL,swapped_247,5,0.047181036,0.0
3884,NLVPMVATV,swapped_2992,5,0.08946787,0.0
3698,GILGFVFTL,10x,5,0.03079977,0.0
3603,GILGFVFTL,10x,5,0.42785722,0.0
6104,GILGFVFTL,10x,5,0.024585852,0.0
5677,GLCTLVAML,swapped_4354,5,0.006804898,0.0
6425,GLCTLVAML,10x,5,0.016288131,0.0
55,GLCTLVAML,positive,5,0.88804793,1.0
6233,GILGFVFTL,10x,5,0.43962207,0.0
5469,NLVPMVATV,swapped_4350,5,0.005305907,0.0
491,NLVPMVATV,10x,5,0.1646721,0.0
5038,GILGFVFTL,10x,5,0.5728748,0.0
5405,GILGFVFTL,swapped_4505,5,0.9902113,0.0
2486,GLCTLVAML,swapped_1702,5,0.0028408559,0.0
2944,NLVPMVATV,positive,5,0.6971739,1.0
4201,GILGFVFTL,positive,5,0.47648683,1.0
5211,GILGFVFTL,10x,5,0.053517047,0.0
4397,GILGFVFTL,positive,5,0.027929682,1.0
2090,GILGFVFTL,10x,5,0.26062918,0.0
4915,GILGFVFTL,10x,5,0.0010445402,0.0
2943,GILGFVFTL,positive,5,0.0007427796,1.0
1126,GILGFVFTL,10x,5,0.18832454,0.0
2577,NLVPMVATV,swapped_1802,5,0.112683006,0.0
2237,GILGFVFTL,10x,5,0.03686217,0.0
676,GILGFVFTL,10x,5,0.23059878,0.0
5367,NLVPMVATV,swapped_4390,5,0.04693188,0.0
3104,RTLNAWVKV,10x,5,0.4013366,0.0
5308,NLVPMVATV,10x,5,0.45357695,0.0
3829,LLFGYPVYV,swapped_3051,5,0.019659622,0.0
5102,GILGFVFTL,10x,5,0.5370503,0.0
1329,NLVPMVATV,swapped_55,5,0.8953659,0.0
3522,GILGFVFTL,10x,5,0.03423056,0.0
1770,NLVPMVATV,positive,5,0.02386793,1.0
2876,MLDLQPETT,positive,5,0.20033741,1.0
3067,GILGFVFTL,10x,5,0.9281294,0.0
5662,FLYALALLL,swapped_4431,5,0.029696455,0.0
2936,GILGFVFTL,positive,5,0.82861316,1.0
5231,GLCTLVAML,10x,5,0.94638926,0.0
3973,LLFGYPVYV,swapped_2792,5,0.00947728,0.0
662,GILGFVFTL,10x,5,0.28368428,0.0
1279,GLCTLVAML,swapped_34,5,0.007524452,0.0
968,GILGFVFTL,10x,5,0.08317325,0.0
4041,NLVPMVATV,swapped_2799,5,0.08566109,0.0
6788,LLFGYPVYV,swapped_6004,5,0.017388035,0.0
1291,KTWGQYWQV,swapped_49,5,0.7836627,0.0
3775,GILGFVFTL,10x,5,0.18267304,0.0
2955,GILGFVFTL,positive,5,0.8170386,1.0
1020,GILGFVFTL,10x,5,0.529468,0.0
5314,RTLNAWVKV,10x,5,0.4714677,0.0
5639,NLVPMVATV,swapped_4281,5,0.008981214,0.0
2203,GILGFVFTL,10x,5,0.04624133,0.0
5295,GILGFVFTL,10x,5,0.639659,0.0
241,GILGFVFTL,positive,5,0.0037955355,1.0
2831,GILGFVFTL,positive,5,0.0014533175,1.0
4795,NLVPMVATV,10x,5,0.45123526,0.0
2711,GILGFVFTL,positive,5,0.4573648,1.0
4336,GILGFVFTL,positive,5,0.047513574,1.0
3856,NLVPMVATV,swapped_2725,5,0.025547847,0.0
1041,GLCTLVAML,10x,5,0.0020843558,0.0
3419,GILGFVFTL,10x,5,0.030084116,0.0
1802,GILGFVFTL,positive,5,0.108248666,1.0
1838,NLVPMVATV,10x,5,0.4414827,0.0
1310,FLYALALLL,swapped_283,5,0.019173317,0.0
1981,GLCTLVAML,10x,5,0.009735424,0.0
1311,NLVPMVATV,swapped_119,5,0.030623427,0.0
6327,NLVPMVATV,10x,5,0.5664396,0.0
5731,GILGFVFTL,positive,5,0.070466466,1.0
1713,GILGFVFTL,positive,5,0.003982849,1.0
6306,GILGFVFTL,10x,5,0.2338576,0.0
2866,GILGFVFTL,positive,5,0.017295588,1.0
365,GILGFVFTL,positive,5,0.0045623574,1.0
5191,GLCTLVAML,10x,5,0.40792203,0.0
3927,FLYALALLL,swapped_2923,5,0.23239197,0.0
3882,GLCTLVAML,swapped_2895,5,0.006118285,0.0
1854,NLVPMVATV,10x,5,0.36129618,0.0
1345,GLCTLVAML,swapped_365,5,0.0042105406,0.0
5067,GILGFVFTL,10x,5,0.24758469,0.0
4853,GILGFVFTL,10x,5,0.0027584026,0.0
1788,GILGFVFTL,positive,5,0.13383174,1.0
5243,MLDLQPETT,10x,5,0.414512,0.0
166,GLCTLVAML,positive,5,0.42074108,1.0
2319,NLVPMVATV,10x,5,0.115293406,0.0
4019,NLVPMVATV,swapped_2830,5,0.01102764,0.0
1361,NLVPMVATV,swapped_317,5,0.006895079,0.0
696,GLCTLVAML,10x,5,0.22274508,0.0
5674,GILGFVFTL,swapped_4451,5,0.18132713,0.0
1873,MLDLQPETT,10x,5,0.0076009184,0.0
3430,GLCTLVAML,10x,5,0.081426784,0.0
5660,GILGFVFTL,swapped_4535,5,0.9976069,0.0
2662,YLLEMLWRL,swapped_1554,5,0.07403707,0.0
6889,YLLEMLWRL,swapped_5969,5,0.032130886,0.0
3741,GLCTLVAML,10x,5,0.054951526,0.0
5401,NLVPMVATV,swapped_4413,5,0.0062921885,0.0
4898,GILGFVFTL,10x,5,0.6626166,0.0
1204,GILGFVFTL,swapped_190,5,0.40373093,0.0
3542,GILGFVFTL,10x,5,0.110805064,0.0
4083,GLCTLVAML,swapped_2859,5,0.038969964,0.0
3383,GILGFVFTL,10x,5,0.03629063,0.0
4662,GILGFVFTL,10x,5,0.11792212,0.0
5466,GLCTLVAML,swapped_4435,5,0.5803012,0.0
6898,GLCTLVAML,swapped_5731,5,0.064761534,0.0
3770,GILGFVFTL,10x,5,0.02484509,0.0
3444,GILGFVFTL,10x,5,0.5358146,0.0
3956,NLVPMVATV,swapped_3028,5,0.004476554,0.0
1825,GLCTLVAML,10x,5,0.37302253,0.0
2361,GILGFVFTL,10x,5,0.8856493,0.0
1522,LLFGYPVYV,swapped_186,5,0.1043103,0.0
2788,GILGFVFTL,positive,5,0.0043358393,1.0
1675,FLYALALLL,positive,5,0.36229938,1.0
3760,NLVPMVATV,10x,5,0.968762,0.0
193,GILGFVFTL,positive,5,0.8147245,1.0
251,RMFPNAPYL,positive,5,0.009947171,1.0
1416,LLFGYPVYV,swapped_19,5,0.020681147,0.0
5543,RTLNAWVKV,swapped_4257,5,0.041487407,0.0
4522,GILGFVFTL,positive,5,0.0051531726,1.0
2372,LLFGYPVYV,10x,5,0.03872369,0.0
593,FLYALALLL,10x,5,0.8169448,0.0
1297,GILGFVFTL,swapped_330,5,0.016731756,0.0
1242,RTLNAWVKV,swapped_89,5,0.0029246176,0.0
3922,NLVPMVATV,swapped_2938,5,0.07143193,0.0
256,GILGFVFTL,positive,5,0.00512264,1.0
3825,GLCTLVAML,swapped_2695,5,0.014350945,0.0
741,GILGFVFTL,10x,5,0.17935485,0.0
2407,RTLNAWVKV,swapped_1677,5,0.07718725,0.0
247,GILGFVFTL,positive,5,0.04487047,1.0
2395,GILGFVFTL,10x,5,0.67090756,0.0
229,GILGFVFTL,positive,5,0.011652753,1.0
3992,NLVPMVATV,swapped_2739,5,0.009541434,0.0
6265,GLCTLVAML,10x,5,0.046054166,0.0
3096,GILGFVFTL,10x,5,0.13136426,0.0
3333,FLYALALLL,10x,5,0.038928185,0.0
933,GILGFVFTL,10x,5,0.7162736,0.0
2446,GILGFVFTL,swapped_1552,5,0.94381446,0.0
2590,GILGFVFTL,swapped_1807,5,0.3466517,0.0
6083,GILGFVFTL,10x,5,0.5740496,0.0
5795,GILGFVFTL,positive,5,0.010056769,1.0
4850,GILGFVFTL,10x,5,0.17596908,0.0
2730,KTWGQYWQV,positive,5,0.9586814,1.0
341,GILGFVFTL,positive,5,0.9150886,1.0
1554,GILGFVFTL,positive,5,0.070629455,1.0
6167,RTLNAWVKV,10x,5,0.30727476,0.0
2938,GILGFVFTL,positive,5,0.06799539,1.0
2185,NLVPMVATV,10x,5,0.72672683,0.0
2381,NLVPMVATV,10x,5,0.6356391,0.0
1131,GILGFVFTL,10x,5,0.14788626,0.0
287,GILGFVFTL,positive,5,0.025881397,1.0
4666,GILGFVFTL,10x,5,0.21399015,0.0
2501,GLCTLVAML,swapped_1671,5,0.27292985,0.0
4849,GILGFVFTL,10x,5,0.041701857,0.0
531,NLVPMVATV,10x,5,0.63801426,0.0
3493,GLCTLVAML,10x,5,0.017278148,0.0
2012,GILGFVFTL,10x,5,0.14549711,0.0
5876,GLCTLVAML,positive,5,0.7174894,1.0
2646,NLVPMVATV,swapped_1625,5,0.09022354,0.0
1737,NLVPMVATV,positive,5,0.5641009,1.0
6773,NLVPMVATV,swapped_5871,5,0.0056013977,0.0
963,RTLNAWVKV,10x,5,0.4537127,0.0
6319,GILGFVFTL,10x,5,0.029001582,0.0
2725,GILGFVFTL,positive,5,0.024451368,1.0
2199,GLCTLVAML,10x,5,0.13918579,0.0
2823,GILGFVFTL,positive,5,0.006058332,1.0
1702,GILGFVFTL,positive,5,0.0030785818,1.0
3495,GLCTLVAML,10x,5,0.40729144,0.0
4223,NLVPMVATV,positive,5,0.43181717,1.0
3152,NLVPMVATV,10x,5,0.015621343,0.0
1503,FLYALALLL,swapped_33,5,0.99808925,0.0
107,GILGFVFTL,positive,5,0.12990095,1.0
6481,LLFGYPVYV,10x,5,0.67899615,0.0
3971,GLCTLVAML,swapped_2831,5,0.0013409249,0.0
2122,GILGFVFTL,10x,5,0.012861599,0.0
1595,GILGFVFTL,positive,5,0.22003607,1.0
3051,GILGFVFTL,positive,5,0.019490149,1.0
6796,GILGFVFTL,swapped_5989,5,0.070769385,0.0
3400,SLLMWITQV,10x,5,0.33854228,0.0
397,RMFPNAPYL,10x,5,0.4830242,0.0
5159,GILGFVFTL,10x,5,0.8118614,0.0
3870,LLFGYPVYV,swapped_2916,5,0.0030586876,0.0
5345,SLLMWITQV,swapped_4178,5,0.056822043,0.0
4078,RTLNAWVKV,swapped_2852,5,0.9972892,0.0
1700,GILGFVFTL,positive,5,0.18795855,1.0
3732,GILGFVFTL,10x,5,0.3157546,0.0
925,NLVPMVATV,10x,5,0.05192441,0.0
3241,GILGFVFTL,10x,5,0.035280395,0.0
1672,GILGFVFTL,positive,5,0.04283331,1.0
5769,GILGFVFTL,positive,5,0.06518809,1.0
849,GILGFVFTL,10x,5,0.96359485,0.0
3598,GILGFVFTL,10x,5,0.10088963,0.0
5989,GLCTLVAML,positive,5,0.06557498,1.0
6063,RTLNAWVKV,10x,5,0.7253373,0.0
5935,GILGFVFTL,positive,5,0.05908618,1.0
6076,RMFPNAPYL,10x,5,0.12591058,0.0
4381,GILGFVFTL,positive,5,0.003145323,1.0
2231,RTLNAWVKV,10x,5,0.6854469,0.0
6363,GILGFVFTL,10x,5,0.71142155,0.0
2497,FLYALALLL,swapped_1590,5,0.017096564,0.0
4891,GILGFVFTL,10x,5,0.08874392,0.0
45,GILGFVFTL,positive,5,0.007853068,1.0
3791,GILGFVFTL,10x,5,0.57751805,0.0
4810,GILGFVFTL,10x,5,0.29525346,0.0
190,NLVPMVATV,positive,5,0.41381347,1.0
457,GILGFVFTL,10x,5,0.33689114,0.0
6687,GILGFVFTL,swapped_5930,5,0.4381813,0.0
1375,GLCTLVAML,swapped_272,5,0.11041693,0.0
1250,GLCTLVAML,swapped_312,5,0.021610381,0.0
1144,GLCTLVAML,swapped_249,5,0.01766043,0.0
5707,GILGFVFTL,positive,5,0.003181608,1.0
2783,GILGFVFTL,positive,5,0.021646472,1.0
634,GILGFVFTL,10x,5,0.7806021,0.0
2746,GILGFVFTL,positive,5,0.09132639,1.0
227,GILGFVFTL,positive,5,0.19704871,1.0
2024,GILGFVFTL,10x,5,0.27815834,0.0
1340,GLCTLVAML,swapped_167,5,0.017450413,0.0
526,GILGFVFTL,10x,5,0.3634679,0.0
460,GLCTLVAML,10x,5,0.14306825,0.0
4874,GILGFVFTL,10x,5,0.23521519,0.0
661,SLFNTVATL,10x,5,0.080463834,0.0
5004,GILGFVFTL,10x,5,0.017441373,0.0
3272,GILGFVFTL,10x,5,0.8641776,0.0
4951,KTWGQYWQV,10x,5,0.3507675,0.0
2200,KTWGQYWQV,10x,5,0.029964982,0.0
1069,GILGFVFTL,10x,5,0.10855786,0.0
344,GLCTLVAML,positive,5,0.9953719,1.0
6222,GILGFVFTL,10x,5,0.16663146,0.0
5144,GILGFVFTL,10x,5,0.33229056,0.0
2253,GILGFVFTL,10x,5,0.6944996,0.0
3892,GLCTLVAML,swapped_2793,5,0.0050144005,0.0
6703,GILGFVFTL,swapped_6001,5,0.9779895,0.0
2860,GILGFVFTL,positive,5,0.004135073,1.0
1864,GILGFVFTL,10x,5,0.3224139,0.0
2888,GILGFVFTL,positive,5,0.08246901,1.0
5108,GILGFVFTL,10x,5,0.07576926,0.0
825,GILGFVFTL,10x,5,0.100633964,0.0
2368,GILGFVFTL,10x,5,0.021008631,0.0
2110,LLFGYPVYV,10x,5,0.03843223,0.0
1742,GILGFVFTL,positive,5,0.0026494446,1.0
3031,GILGFVFTL,positive,5,0.0046745776,1.0
947,GILGFVFTL,10x,5,0.04810984,0.0
4277,GILGFVFTL,positive,5,0.016484834,1.0
709,GILGFVFTL,10x,5,0.8399038,0.0
911,GILGFVFTL,10x,5,0.4454682,0.0
1900,NLVPMVATV,10x,5,0.17623155,0.0
65,NLVPMVATV,positive,5,0.25106356,1.0
1233,GLCTLVAML,swapped_86,5,0.059537116,0.0
3985,KTWGQYWQV,swapped_2945,5,0.23426569,0.0
5816,NLVPMVATV,positive,5,0.5278221,1.0
5930,NLVPMVATV,positive,5,0.44555646,1.0
60,GILGFVFTL,positive,5,0.13790584,1.0
58,GILGFVFTL,positive,5,0.37996295,1.0
1431,FLYALALLL,swapped_362,5,0.73695123,0.0
5588,GILGFVFTL,swapped_4427,5,0.40725866,0.0
4962,GILGFVFTL,10x,5,0.73644876,0.0
801,GILGFVFTL,10x,5,0.27099785,0.0
273,NLVPMVATV,positive,5,0.9898718,1.0
2170,GILGFVFTL,10x,5,0.18043153,0.0
4858,GILGFVFTL,10x,5,0.8073719,0.0
2817,GILGFVFTL,positive,5,0.008402295,1.0
4555,GILGFVFTL,positive,5,0.7405252,1.0
514,GILGFVFTL,10x,5,0.13077559,0.0
3450,GILGFVFTL,10x,5,0.8694315,0.0
5288,GILGFVFTL,10x,5,0.9249204,0.0
4143,LLFGYPVYV,swapped_2828,5,0.75919056,0.0
6147,GILGFVFTL,10x,5,0.24883415,0.0
6244,GILGFVFTL,10x,5,0.25801602,0.0
4431,NLVPMVATV,positive,5,0.02977204,1.0
869,GILGFVFTL,10x,5,0.52445084,0.0
6037,GILGFVFTL,10x,5,0.011000568,0.0
4919,GILGFVFTL,10x,5,0.3980981,0.0
1884,GILGFVFTL,10x,5,0.874713,0.0
2827,GILGFVFTL,positive,5,0.013210565,1.0
3019,GILGFVFTL,positive,5,0.0016776266,1.0
249,GILGFVFTL,positive,5,0.019036243,1.0
2348,GILGFVFTL,10x,5,0.4499006,0.0
1244,NLVPMVATV,swapped_150,5,0.021367284,0.0
6170,GILGFVFTL,10x,5,0.47281948,0.0
5192,GILGFVFTL,10x,5,0.28099567,0.0
6437,GILGFVFTL,10x,5,0.110068426,0.0
4292,GILGFVFTL,positive,5,0.0028496871,1.0
4121,NLVPMVATV,swapped_2763,5,0.0042789723,0.0
33,GLCTLVAML,positive,5,0.99793917,1.0
2060,GLCTLVAML,10x,5,0.6889388,0.0
812,GILGFVFTL,10x,5,0.34728837,0.0
5029,NLVPMVATV,10x,5,0.010314286,0.0
2162,GILGFVFTL,10x,5,0.029776158,0.0
393,GLCTLVAML,10x,5,0.09689287,0.0
4471,NLVPMVATV,positive,5,0.21242121,1.0
4390,GILGFVFTL,positive,5,0.044700824,1.0
5132,GILGFVFTL,10x,5,0.07850502,0.0
1693,GILGFVFTL,positive,5,0.0111015,1.0
4435,GILGFVFTL,positive,5,0.5924042,1.0
3523,GILGFVFTL,10x,5,0.75334054,0.0
4354,GILGFVFTL,positive,5,0.0073807104,1.0
5737,GLCTLVAML,positive,5,0.99832684,1.0
1465,GLCTLVAML,swapped_35,5,0.44622478,0.0
6708,GLCTLVAML,swapped_5825,5,0.016317993,0.0
4536,FLYALALLL,positive,5,0.6346929,1.0
3378,GILGFVFTL,10x,5,0.057036262,0.0
3041,GLCTLVAML,positive,5,0.9358271,1.0
956,RTLNAWVKV,10x,5,0.48952237,0.0
3869,NLVPMVATV,swapped_2989,5,0.004563973,0.0
1220,NLVPMVATV,swapped_196,5,0.40735528,0.0
886,GILGFVFTL,10x,5,0.63690525,0.0
6309,GLCTLVAML,10x,5,0.13482653,0.0
1364,GLCTLVAML,swapped_111,5,0.043054912,0.0
1169,RTLNAWVKV,swapped_47,5,0.26629063,0.0
1390,GILGFVFTL,swapped_273,5,0.98990065,0.0
3648,GILGFVFTL,10x,5,0.08585065,0.0
5755,GLCTLVAML,positive,5,0.85634357,1.0
6345,GLCTLVAML,10x,5,0.79925185,0.0
5057,GILGFVFTL,10x,5,0.010409346,0.0
6146,NLVPMVATV,10x,5,0.10191276,0.0
6709,GILGFVFTL,swapped_5755,5,0.8650633,0.0
2898,SLFNTVATL,positive,5,0.76916903,1.0
3998,GILGFVFTL,swapped_2944,5,0.6923962,0.0
855,GILGFVFTL,10x,5,0.05178319,0.0
2035,LLFGYPVYV,10x,5,0.018564036,0.0
5970,NLVPMVATV,positive,5,0.20649274,1.0
641,GILGFVFTL,10x,5,0.16789404,0.0
2852,GLCTLVAML,positive,5,0.99713504,1.0
2945,GILGFVFTL,positive,5,0.23795147,1.0
4749,GILGFVFTL,10x,5,0.9114275,0.0
4267,GILGFVFTL,positive,5,0.007458317,1.0
539,GILGFVFTL,10x,5,0.3131071,0.0
2116,GILGFVFTL,10x,5,0.28373533,0.0
2808,GILGFVFTL,positive,5,0.008892406,1.0
1773,GILGFVFTL,positive,5,0.19237041,1.0
5278,GILGFVFTL,10x,5,0.37820506,0.0
3084,GLCTLVAML,10x,5,0.58882535,0.0
3101,GILGFVFTL,10x,5,0.37132055,0.0
2828,FLYALALLL,positive,5,0.7657389,1.0
3345,GLCTLVAML,10x,5,0.46557948,0.0
1429,MLDLQPETT,swapped_45,5,0.008489039,0.0
5932,GILGFVFTL,positive,5,0.07100007,1.0
6151,GILGFVFTL,10x,5,0.52518576,0.0
145,GILGFVFTL,positive,5,0.031492535,1.0
1930,NLVPMVATV,10x,5,0.6239926,0.0
5208,GILGFVFTL,10x,5,0.3916677,0.0
1777,NLVPMVATV,positive,5,0.021420678,1.0
4342,GLCTLVAML,positive,5,0.8781657,1.0
2443,SLLMWITQV,swapped_1700,5,0.19560352,0.0
369,GILGFVFTL,positive,5,0.02648598,1.0
3639,GILGFVFTL,10x,5,0.044589065,0.0
4886,GILGFVFTL,10x,5,0.09987519,0.0
47,GILGFVFTL,positive,5,0.26372224,1.0
5697,GLCTLVAML,swapped_4538,5,0.65382403,0.0
3575,GLCTLVAML,10x,5,0.0738902,0.0
5680,GLCTLVAML,swapped_4522,5,0.0047758524,0.0
2032,GILGFVFTL,10x,5,0.015660223,0.0
6609,GILGFVFTL,10x,5,0.004863915,0.0
3116,GILGFVFTL,10x,5,0.047211614,0.0
4485,GILGFVFTL,positive,5,0.4882344,1.0
3308,GILGFVFTL,10x,5,0.0043785125,0.0
1843,GILGFVFTL,10x,5,0.79349166,0.0
3489,GILGFVFTL,10x,5,0.7770077,0.0
5668,GLCTLVAML,swapped_4381,5,0.002902461,0.0
2695,GILGFVFTL,positive,5,0.015472992,1.0
3581,NLVPMVATV,10x,5,0.31131777,0.0
3594,GILGFVFTL,10x,5,0.7298717,0.0
4641,GILGFVFTL,10x,5,0.38796094,0.0
3647,NLVPMVATV,10x,5,0.344607,0.0
6031,GILGFVFTL,10x,5,0.68455976,0.0
2799,GILGFVFTL,positive,5,0.08220227,1.0
4350,GILGFVFTL,positive,5,0.005036555,1.0
2933,GILGFVFTL,positive,5,0.0037449065,1.0
4566,GILGFVFTL,10x,5,0.27404463,0.0
4571,GILGFVFTL,10x,5,0.18959224,0.0
2236,YLLEMLWRL,10x,5,0.13439602,0.0
1949,GILGFVFTL,10x,5,0.01386968,0.0
3486,GILGFVFTL,10x,5,0.7803369,0.0
6236,NLVPMVATV,10x,5,0.38131118,0.0
111,GILGFVFTL,positive,5,0.046315767,1.0
437,GILGFVFTL,10x,5,0.786608,0.0
499,GILGFVFTL,10x,5,0.23009585,0.0
1800,GILGFVFTL,positive,5,0.029640174,1.0
6639,GLCTLVAML,swapped_5732,5,0.0039375424,0.0
2094,GLCTLVAML,10x,5,0.5191953,0.0
704,GLCTLVAML,10x,5,0.81511337,0.0
6635,GILGFVFTL,swapped_5740,5,0.06888296,0.0
3983,KVLEYVIKV,swapped_2888,5,0.089224994,0.0
2189,GILGFVFTL,10x,5,0.04786113,0.0
5465,NLVPMVATV,swapped_4328,5,0.041371536,0.0
4129,GLCTLVAML,swapped_2711,5,0.42992324,0.0
807,GILGFVFTL,10x,5,0.5642167,0.0
5479,GILGFVFTL,swapped_4342,5,0.88399976,0.0
2213,GILGFVFTL,10x,5,0.15148371,0.0
872,GILGFVFTL,10x,5,0.31845158,0.0
2846,GILGFVFTL,positive,5,0.00605063,1.0
1319,GLCTLVAML,swapped_251,5,0.008966456,0.0
196,GILGFVFTL,positive,5,0.40317038,1.0
1759,FLYALALLL,positive,5,0.022855034,1.0
191,GILGFVFTL,positive,5,0.20012718,1.0
3824,GLCTLVAML,swapped_2999,5,0.015307382,0.0
4645,GLCTLVAML,10x,5,0.22663076,0.0
1739,GLCTLVAML,positive,5,0.997969,1.0
5981,GILGFVFTL,positive,5,0.11529541,1.0
6153,GILGFVFTL,10x,5,0.37702686,0.0
5312,GLCTLVAML,10x,5,0.23881625,0.0
601,GILGFVFTL,10x,5,0.1877339,0.0
5096,NLVPMVATV,10x,5,0.27737278,0.0
628,GILGFVFTL,10x,5,0.01916178,0.0
3447,GILGFVFTL,10x,5,0.6501476,0.0
5532,GLCTLVAML,swapped_4509,5,0.5436649,0.0
3845,GLCTLVAML,swapped_2936,5,0.8155147,0.0
6431,GILGFVFTL,10x,5,0.45884123,0.0
6445,GILGFVFTL,10x,5,0.3301895,0.0
2444,GILGFVFTL,swapped_1686,5,0.16439411,0.0
6827,GLCTLVAML,swapped_5769,5,0.060683075,0.0
1911,GILGFVFTL,10x,5,0.08448217,0.0
2228,GILGFVFTL,10x,5,0.042232543,0.0
156,NLVPMVATV,positive,5,0.16483612,1.0
2349,GILGFVFTL,10x,5,0.4605532,0.0
751,GILGFVFTL,10x,5,0.65560395,0.0
1093,GILGFVFTL,10x,5,0.007701589,0.0
1919,GILGFVFTL,10x,5,0.440317,0.0
2088,GILGFVFTL,10x,5,0.13464306,0.0
5979,GILGFVFTL,positive,5,0.0077543594,1.0
3189,GILGFVFTL,10x,5,0.10725916,0.0
5178,GILGFVFTL,10x,5,0.20933914,0.0
4356,GILGFVFTL,positive,5,0.0029580083,1.0
2255,GILGFVFTL,10x,5,0.83912045,0.0
6664,NLVPMVATV,swapped_5720,5,0.25200453,0.0
2269,GILGFVFTL,10x,5,0.18336928,0.0
1349,RTLNAWVKV,swapped_121,5,0.012040425,0.0
3369,NLVPMVATV,10x,5,0.1335385,0.0
24,GILGFVFTL,positive,5,0.001016706,1.0
6402,GILGFVFTL,10x,5,0.65296847,0.0
5945,GILGFVFTL,positive,5,0.030419331,1.0
1001,GILGFVFTL,10x,5,0.5204741,0.0
5728,KTWGQYWQV,positive,5,0.053176083,1.0
5641,LLFGYPVYV,swapped_4238,5,0.02229676,0.0
4512,GLCTLVAML,positive,5,0.7512636,1.0
736,GILGFVFTL,10x,5,0.6552368,0.0
3751,NLVPMVATV,10x,5,0.4991396,0.0
2613,LLFGYPVYV,swapped_1679,5,0.058499783,0.0
293,GILGFVFTL,positive,5,0.0058791763,1.0
3255,GILGFVFTL,10x,5,0.02034567,0.0
1946,GLCTLVAML,10x,5,0.7168917,0.0
6034,GLCTLVAML,10x,5,0.782477,0.0
883,GILGFVFTL,10x,5,0.06851596,0.0
35,GILGFVFTL,positive,5,0.4667054,1.0
1736,NLVPMVATV,positive,5,0.7145017,1.0
4131,KTWGQYWQV,swapped_2811,5,0.013160123,0.0
5875,GILGFVFTL,positive,5,0.09726428,1.0
4722,GILGFVFTL,10x,5,0.07051503,0.0
4024,GLCTLVAML,swapped_2955,5,0.80759484,0.0
4644,GILGFVFTL,10x,5,0.3861549,0.0
4705,GILGFVFTL,10x,5,0.7975615,0.0
4731,GLCTLVAML,10x,5,0.26874238,0.0
5424,NLVPMVATV,swapped_4267,5,0.007861068,0.0
3222,GILGFVFTL,10x,5,0.5307831,0.0
1354,GILGFVFTL,swapped_166,5,0.4462918,0.0
1135,GLCTLVAML,10x,5,0.23160551,0.0
3151,GILGFVFTL,10x,5,0.004954237,0.0
42,GILGFVFTL,positive,5,0.015258778,1.0
754,GILGFVFTL,10x,5,0.049640447,0.0
119,GILGFVFTL,positive,5,0.02931567,1.0
1709,GILGFVFTL,positive,5,0.097276464,1.0
1564,NLVPMVATV,positive,5,0.4767491,1.0
3155,GILGFVFTL,10x,5,0.060211897,0.0
6131,SLLMWITQV,10x,5,0.45430493,0.0
5452,NLVPMVATV,swapped_4219,5,0.008847464,0.0
4004,IMDQVPFSV,swapped_3031,5,0.0049669375,0.0
2992,GILGFVFTL,positive,5,0.085869774,1.0
6021,LLFGYPVYV,10x,5,0.95484585,0.0
2147,GILGFVFTL,10x,5,0.02491822,0.0
966,IMDQVPFSV,10x,5,0.28516304,0.0
6398,NLVPMVATV,10x,5,0.053788748,0.0
3225,GILGFVFTL,10x,5,0.34592167,0.0
6612,GLCTLVAML,swapped_5875,5,0.089955606,0.0
2529,GLCTLVAML,swapped_1773,5,0.18014944,0.0
3813,GILGFVFTL,swapped_2730,5,0.9580901,0.0
435,YLLEMLWRL,10x,5,0.1656698,0.0
5337,FLYALALLL,swapped_4201,5,0.48132572,0.0
987,NLVPMVATV,10x,5,0.023055805,0.0
454,GILGFVFTL,10x,5,0.04984904,0.0
5086,GILGFVFTL,10x,5,0.027406976,0.0
4222,GILGFVFTL,positive,5,0.0041698087,1.0
309,GILGFVFTL,positive,5,0.0029759337,1.0
5115,GILGFVFTL,10x,5,0.124390975,0.0
5411,GILGFVFTL,swapped_4174,5,0.64842963,0.0
1627,GILGFVFTL,positive,5,0.0018872874,1.0
4499,GILGFVFTL,positive,5,0.0030233301,1.0
757,GLCTLVAML,10x,5,0.4469934,0.0
3705,FLYALALLL,10x,5,0.25474066,0.0
5906,GILGFVFTL,positive,5,0.009626025,1.0
6392,GILGFVFTL,10x,5,0.0139867095,0.0
2114,GILGFVFTL,10x,5,0.021390215,0.0
6575,GILGFVFTL,10x,5,0.13138175,0.0
6534,GILGFVFTL,10x,5,0.68161845,0.0
268,GILGFVFTL,positive,5,0.2943829,1.0
1170,GLCTLVAML,swapped_193,5,0.80244374,0.0
4646,GILGFVFTL,10x,5,0.4966728,0.0
931,MLDLQPETT,10x,5,0.01433026,0.0
3200,GILGFVFTL,10x,5,0.012537285,0.0
1704,GLCTLVAML,positive,5,0.8998671,1.0
3910,GLCTLVAML,swapped_2698,5,0.6820281,0.0
5686,RMFPNAPYL,swapped_4295,5,0.002696044,0.0
2464,GLCTLVAML,swapped_1778,5,0.017845253,0.0
2167,GILGFVFTL,10x,5,0.85208386,0.0
4509,GILGFVFTL,positive,5,0.57254785,1.0
505,NLVPMVATV,10x,5,0.3436742,0.0
3266,GILGFVFTL,10x,5,0.10860632,0.0
2309,GILGFVFTL,10x,5,0.005801275,0.0
518,NLVPMVATV,10x,5,0.01647139,0.0
6152,GILGFVFTL,10x,5,0.60954726,0.0
613,GILGFVFTL,10x,5,0.7852656,0.0
3355,GILGFVFTL,10x,5,0.028394658,0.0
1455,GLCTLVAML,swapped_58,5,0.35924008,0.0
2999,GILGFVFTL,positive,5,0.016515028,1.0
6741,NLVPMVATV,swapped_5760,5,0.02498421,0.0
5513,GLCTLVAML,swapped_4292,5,0.0026295895,0.0
1399,GLCTLVAML,swapped_151,5,0.027146537,0.0
1164,GLCTLVAML,swapped_42,5,0.014152041,0.0
1091,GILGFVFTL,10x,5,0.3845869,0.0
4584,YLLEMLWRL,10x,5,0.6564004,0.0
4328,GILGFVFTL,positive,5,0.039378896,1.0
6400,GILGFVFTL,10x,5,0.04295023,0.0
5683,RMFPNAPYL,swapped_4364,5,0.09276468,0.0
1850,GILGFVFTL,10x,5,0.9039581,0.0
4445,GILGFVFTL,positive,5,0.031460237,1.0
133,GILGFVFTL,positive,5,0.34172934,1.0
3969,GLCTLVAML,swapped_2846,5,0.0055846926,0.0
5722,GILGFVFTL,positive,5,0.028241867,1.0
4599,GLCTLVAML,10x,5,0.94922316,0.0
864,GILGFVFTL,10x,5,0.059653535,0.0
2107,GILGFVFTL,10x,5,0.14576648,0.0
5871,GILGFVFTL,positive,5,0.005313795,1.0
5536,GILGFVFTL,swapped_4367,5,0.57744056,0.0
3192,GILGFVFTL,10x,5,0.6032603,0.0
1790,NLVPMVATV,positive,5,0.282591,1.0
3946,NLVPMVATV,swapped_2798,5,0.004066484,0.0
5606,GILGFVFTL,swapped_4471,5,0.20510983,0.0
4619,GILGFVFTL,10x,5,0.7986222,0.0
5664,GLCTLVAML,swapped_4546,5,0.02770118,0.0
1153,NLVPMVATV,swapped_133,5,0.3481224,0.0
6128,GILGFVFTL,10x,5,0.049298253,0.0
2070,GILGFVFTL,10x,5,0.19340932,0.0
2832,GILGFVFTL,positive,5,0.0032078002,1.0
627,GLCTLVAML,10x,5,0.079439655,0.0
3995,NLVPMVATV,swapped_3055,5,0.003681196,0.0
5385,GILGFVFTL,swapped_4199,5,0.80131036,0.0
949,GILGFVFTL,10x,5,0.35544467,0.0
6101,GILGFVFTL,10x,5,0.038087755,0.0
6725,NLVPMVATV,swapped_5728,5,0.056140922,0.0
2155,GILGFVFTL,10x,5,0.9514232,0.0
5109,NLVPMVATV,10x,5,0.41150454,0.0
421,LLFGYPVYV,10x,5,0.2629824,0.0
400,GILGFVFTL,10x,5,0.18318136,0.0
3326,GILGFVFTL,10x,5,0.2986609,0.0
5249,RTLNAWVKV,10x,5,0.14660484,0.0
3569,GILGFVFTL,10x,5,0.07540975,0.0
5868,GILGFVFTL,positive,5,0.07198935,1.0
3351,NLVPMVATV,10x,5,0.7640741,0.0
1914,GILGFVFTL,10x,5,0.5769838,0.0
4031,FLYALALLL,swapped_2943,5,0.000778228,0.0
1176,RTLNAWVKV,swapped_242,5,0.009545139,0.0
2698,GILGFVFTL,positive,5,0.6976987,1.0
4360,GILGFVFTL,positive,5,0.4129337,1.0
4205,GILGFVFTL,positive,5,0.021519303,1.0
1088,GILGFVFTL,10x,5,0.8608398,0.0
2260,GILGFVFTL,10x,5,0.22421117,0.0
918,GILGFVFTL,10x,5,0.3367016,0.0
3186,NLVPMVATV,10x,5,0.21386097,0.0
2798,GILGFVFTL,positive,5,0.0038598105,1.0
3215,GILGFVFTL,10x,5,0.1739577,0.0
938,GLCTLVAML,10x,5,0.557272,0.0
3848,GLCTLVAML,swapped_2973,5,0.006272467,0.0
1929,GILGFVFTL,10x,5,0.12547351,0.0
5347,GILGFVFTL,swapped_4236,5,0.24165994,0.0
6592,GILGFVFTL,10x,5,0.15538566,0.0
6391,GILGFVFTL,10x,5,0.31476167,0.0
2009,GILGFVFTL,10x,5,0.5158143,0.0
4163,NLVPMVATV,swapped_2801,5,0.02864734,0.0
5527,GLCTLVAML,swapped_4186,5,0.82285124,0.0
5597,GILGFVFTL,swapped_4464,5,0.47592616,0.0
6441,GLCTLVAML,10x,5,0.017739,0.0
926,GILGFVFTL,10x,5,0.6954381,0.0
283,GILGFVFTL,positive,5,0.018208146,1.0
1689,NLVPMVATV,positive,5,0.053390916,1.0
6052,NLVPMVATV,10x,5,0.18989184,0.0
469,RMFPNAPYL,10x,5,0.05106641,0.0
3567,NLVPMVATV,10x,5,0.23742647,0.0
504,GILGFVFTL,10x,5,0.7507193,0.0
4502,GILGFVFTL,positive,5,0.025447499,1.0
3028,GILGFVFTL,positive,5,0.004247982,1.0
4029,FLYALALLL,swapped_3022,5,0.7701366,0.0
6771,GILGFVFTL,swapped_5876,5,0.72987664,0.0
3953,NLVPMVATV,swapped_2746,5,0.0960013,0.0
6016,GILGFVFTL,10x,5,0.14295465,0.0
3999,GILGFVFTL,swapped_2869,5,0.9782693,0.0
2515,NLVPMVATV,swapped_1727,5,0.0045676376,0.0
451,GILGFVFTL,10x,5,0.013827189,0.0
4991,GILGFVFTL,10x,5,0.3587223,0.0
2518,GILGFVFTL,swapped_1809,5,0.79612136,0.0
3719,GILGFVFTL,10x,5,0.5049252,0.0
4862,GLCTLVAML,10x,5,0.071025625,0.0
5604,GLCTLVAML,swapped_4397,5,0.025827283,0.0
6429,SLFNTVATL,10x,5,0.21987888,0.0
6762,KTWGQYWQV,swapped_5868,5,0.071248576,0.0
354,GILGFVFTL,positive,5,0.0060932925,1.0
2962,GILGFVFTL,positive,5,0.018553436,1.0
3653,GILGFVFTL,10x,5,0.004364781,0.0
3887,SLFNTVATL,swapped_2860,5,0.0042575756,0.0
2801,GILGFVFTL,positive,5,0.02742158,1.0
1837,RMFPNAPYL,10x,5,0.047465287,0.0
3763,GILGFVFTL,10x,5,0.0449213,0.0
4960,RTLNAWVKV,10x,5,0.44849512,0.0
2859,GILGFVFTL,positive,5,0.042335387,1.0
103,GILGFVFTL,positive,5,0.00088503835,1.0
1723,NLVPMVATV,positive,5,0.032340884,1.0
169,NLVPMVATV,positive,5,0.13935237,1.0
6487,CLGGLLTMV,10x,5,0.009379245,0.0
4199,NLVPMVATV,positive,5,0.801638,1.0
462,GILGFVFTL,10x,5,0.030516053,0.0
137,NLVPMVATV,positive,5,0.55732745,1.0
2239,GILGFVFTL,10x,5,0.46744165,0.0
2159,GILGFVFTL,10x,5,0.59273887,0.0
2232,NLVPMVATV,10x,5,0.10530342,0.0
5439,RMFPNAPYL,swapped_4365,5,0.7965148,0.0
331,GILGFVFTL,positive,5,0.22535779,1.0
3920,NLVPMVATV,swapped_3056,5,0.1006528,0.0
1157,GILGFVFTL,swapped_210,5,0.86116594,0.0
1890,GLCTLVAML,10x,5,0.47909296,0.0
4783,GILGFVFTL,10x,5,0.7185726,0.0
336,GILGFVFTL,positive,5,0.013215544,1.0
1428,GLCTLVAML,swapped_331,5,0.21210755,0.0
4760,GILGFVFTL,10x,5,0.047449607,0.0
3674,GILGFVFTL,10x,5,0.26857504,0.0
734,SLLMWITQV,10x,5,0.14469276,0.0
2977,GILGFVFTL,positive,5,0.0014672818,1.0
1514,LLFGYPVYV,swapped_229,5,0.011770891,0.0
4063,NLVPMVATV,swapped_2901,5,0.1596164,0.0
4753,GILGFVFTL,10x,5,0.043161754,0.0
5637,NLVPMVATV,swapped_4274,5,0.49265778,0.0
2792,GILGFVFTL,positive,5,0.009394738,1.0
5946,GILGFVFTL,positive,5,0.007626354,1.0
96,GILGFVFTL,positive,5,0.051902045,1.0
3261,GILGFVFTL,10x,5,0.48685658,0.0
18,GLCTLVAML,positive,5,0.9981363,1.0
2901,GILGFVFTL,positive,5,0.153028,1.0
6082,GILGFVFTL,10x,5,0.068396516,0.0
1060,GILGFVFTL,10x,5,0.40423566,0.0
542,GILGFVFTL,10x,5,0.25026536,0.0
3685,GILGFVFTL,10x,5,0.03563632,0.0
5195,GILGFVFTL,10x,5,0.590285,0.0
3068,GILGFVFTL,10x,5,0.053537875,0.0
1623,GILGFVFTL,positive,5,0.023787841,1.0
4427,NLVPMVATV,positive,5,0.41384032,1.0
4141,NLVPMVATV,swapped_2962,5,0.019390685,0.0
4180,GILGFVFTL,positive,5,0.0017409264,1.0
4374,GILGFVFTL,positive,5,0.013329493,1.0
3339,GILGFVFTL,10x,5,0.13004108,0.0
2676,GILGFVFTL,swapped_1737,5,0.5605076,0.0
1921,NLVPMVATV,10x,5,0.8616325,0.0
4687,RTLNAWVKV,10x,5,0.3218561,0.0
3802,GILGFVFTL,10x,5,0.3280336,0.0
3702,GLCTLVAML,10x,5,0.04541341,0.0
4606,GILGFVFTL,10x,5,0.59892875,0.0
6670,NLVPMVATV,swapped_5946,5,0.007989185,0.0
1776,GILGFVFTL,positive,5,0.8042273,1.0
4535,GLCTLVAML,positive,5,0.9974688,1.0
4818,NLVPMVATV,10x,5,0.3444696,0.0
6252,GILGFVFTL,10x,5,0.26964962,0.0
6844,SLFNTVATL,swapped_5870,5,0.003658833,0.0
4787,GILGFVFTL,10x,5,0.49380168,0.0
4706,GILGFVFTL,10x,5,0.8572897,0.0
4295,GILGFVFTL,positive,5,0.0025992647,1.0
1322,GILGFVFTL,swapped_344,5,0.99562174,0.0
5540,GILGFVFTL,swapped_4512,5,0.77186465,0.0
4214,GILGFVFTL,positive,5,0.012047688,1.0
5181,GILGFVFTL,10x,5,0.6834943,0.0
4521,GILGFVFTL,positive,5,0.0143737,1.0
5062,GILGFVFTL,10x,5,0.07590377,0.0
3157,GILGFVFTL,10x,5,0.5516461,0.0
1778,GILGFVFTL,positive,5,0.019235177,1.0
160,GILGFVFTL,positive,5,0.014235629,1.0
3172,FLYALALLL,10x,5,0.914293,0.0
3773,GILGFVFTL,10x,5,0.028742952,0.0
257,GILGFVFTL,positive,5,0.0516981,1.0
100,GILGFVFTL,positive,5,0.0035970958,1.0
1891,GILGFVFTL,10x,5,0.57963806,0.0
5369,GLCTLVAML,swapped_4185,5,0.065529376,0.0
2512,NLVPMVATV,swapped_1766,5,0.019308511,0.0
4273,GILGFVFTL,positive,5,0.0060471813,1.0
1348,NLVPMVATV,swapped_141,5,0.010164801,0.0
6018,RMFPNAPYL,10x,5,0.0725916,0.0
3047,GILGFVFTL,positive,5,0.24840109,1.0
2974,GILGFVFTL,positive,5,0.02501135,1.0
4703,NLVPMVATV,10x,5,0.07228829,0.0
1171,GLCTLVAML,swapped_348,5,0.30650043,0.0
178,GILGFVFTL,positive,5,0.050669145,1.0
6335,GILGFVFTL,10x,5,0.035262913,0.0
3783,GILGFVFTL,10x,5,0.028564896,0.0
5776,GLCTLVAML,positive,5,0.88750803,1.0
5026,GILGFVFTL,10x,5,0.48910025,0.0
3642,GILGFVFTL,10x,5,0.18461831,0.0
4281,GILGFVFTL,positive,5,0.008521562,1.0
3394,GLCTLVAML,10x,5,0.37198344,0.0
986,GILGFVFTL,10x,5,0.8572109,0.0
4624,GILGFVFTL,10x,5,0.85034925,0.0
22,FLYALALLL,positive,5,0.082872584,1.0
3294,GILGFVFTL,10x,5,0.3876672,0.0
5594,GILGFVFTL,swapped_4223,5,0.42176583,0.0
1592,GLCTLVAML,positive,5,0.99531436,1.0
5286,GILGFVFTL,10x,5,0.44808117,0.0
4015,NLVPMVATV,swapped_2898,5,0.7679441,0.0
1846,NLVPMVATV,10x,5,0.7823207,0.0
1521,FLYALALLL,swapped_103,5,0.0009268779,0.0
5539,GLCTLVAML,swapped_4463,5,0.0068310294,0.0
4505,GLCTLVAML,positive,5,0.98961174,1.0
6036,FLYALALLL,10x,5,0.2625559,0.0
2804,FLYALALLL,positive,5,0.038854666,1.0
1339,GLCTLVAML,swapped_354,5,0.005624086,0.0
3130,NLVPMVATV,10x,5,0.09109868,0.0
2989,GILGFVFTL,positive,5,0.004364062,1.0
3022,GILGFVFTL,positive,5,0.7681072,1.0
422,GILGFVFTL,10x,5,0.031554412,0.0
4464,NLVPMVATV,positive,5,0.48791754,1.0
4670,GILGFVFTL,10x,5,0.026240183,0.0
6812,GLCTLVAML,swapped_5748,5,0.039888557,0.0
5403,GLCTLVAML,swapped_4277,5,0.015290544,0.0
34,GILGFVFTL,positive,5,0.0081509,1.0
2683,FLYALALLL,swapped_1693,5,0.011665604,0.0
5860,GILGFVFTL,positive,5,0.091883585,1.0
2161,GILGFVFTL,10x,5,0.4591089,0.0
2066,GILGFVFTL,10x,5,0.051960748,0.0
318,GILGFVFTL,positive,5,0.03798616,1.0
4168,GILGFVFTL,swapped_2897,5,0.20980763,0.0
4887,GILGFVFTL,10x,5,0.41868314,0.0
2317,GILGFVFTL,10x,5,0.57587266,0.0
1469,GLCTLVAML,swapped_290,5,0.019215567,0.0
2549,GILGFVFTL,swapped_1770,5,0.022677785,0.0
3112,NLVPMVATV,10x,5,0.24793705,0.0
3440,GILGFVFTL,10x,5,0.13252605,0.0
348,GILGFVFTL,positive,5,0.32352287,1.0
3126,GILGFVFTL,10x,5,0.021998262,0.0
3292,SLFNTVATL,10x,5,0.4317385,0.0
6160,GILGFVFTL,10x,5,0.19408514,0.0
1852,GILGFVFTL,10x,5,0.009563757,0.0
6668,GLCTLVAML,swapped_5862,5,0.21940592,0.0
483,GILGFVFTL,10x,5,0.09868754,0.0
3918,GLCTLVAML,swapped_2790,5,0.007433842,0.0
5902,GILGFVFTL,positive,5,0.054300196,1.0
1510,YLLEMLWRL,swapped_137,5,0.5629809,0.0
6854,GLCTLVAML,swapped_5935,5,0.054755103,0.0
320,GILGFVFTL,positive,5,0.02005906,1.0
217,GILGFVFTL,positive,5,0.13244192,1.0
980,NLVPMVATV,10x,5,0.7496794,0.0
3056,GILGFVFTL,positive,5,0.096010484,1.0
3706,GILGFVFTL,10x,5,0.5188841,0.0
2958,GLCTLVAML,positive,5,0.75476605,1.0
3641,GILGFVFTL,10x,5,0.011503197,0.0
4771,GILGFVFTL,10x,5,0.55020195,0.0
4908,GLCTLVAML,10x,5,0.081175424,0.0
6281,NLVPMVATV,10x,5,0.2795514,0.0
564,GILGFVFTL,10x,5,0.0561074,0.0
1727,GILGFVFTL,positive,5,0.004367567,1.0
3405,GILGFVFTL,10x,5,0.87558705,0.0
6177,GILGFVFTL,10x,5,0.48886132,0.0
1867,GILGFVFTL,10x,5,0.2996044,0.0
6770,NLVPMVATV,swapped_5932,5,0.074649744,0.0
1010,GILGFVFTL,10x,5,0.8085189,0.0
5229,GILGFVFTL,10x,5,0.28578424,0.0
588,NLVPMVATV,10x,5,0.28113198,0.0
3271,GILGFVFTL,10x,5,0.0170005,0.0
6764,FLYALALLL,swapped_5860,5,0.09548078,0.0
1679,GILGFVFTL,positive,5,0.058015328,1.0
2635,RTLNAWVKV,swapped_1800,5,0.030028775,0.0
1862,GILGFVFTL,10x,5,0.23388444,0.0
5696,NLVPMVATV,swapped_4228,5,0.7327839,0.0
1283,GLCTLVAML,swapped_145,5,0.02924331,0.0
6166,GILGFVFTL,10x,5,0.02093766,0.0
936,GILGFVFTL,10x,5,0.23541023,0.0
5598,SLLMWITQV,swapped_4214,5,0.012765742,0.0
5937,GILGFVFTL,positive,5,0.0084849065,1.0
1720,GILGFVFTL,positive,5,0.010185913,1.0
4661,GILGFVFTL,10x,5,0.16602136,0.0
1318,GLCTLVAML,swapped_24,5,0.0009380468,0.0
5216,GILGFVFTL,10x,5,0.15685777,0.0
4780,GILGFVFTL,10x,5,0.02942762,0.0
5040,GLCTLVAML,10x,5,0.13379009,0.0
480,GILGFVFTL,10x,5,0.5898981,0.0
1474,NLVPMVATV,swapped_21,5,0.024558255,0.0
6280,GILGFVFTL,10x,5,0.28404203,0.0
2793,GILGFVFTL,positive,5,0.0054330183,1.0
795,GLCTLVAML,10x,5,0.5493305,0.0
2761,GILGFVFTL,positive,5,0.010808885,1.0
2882,GILGFVFTL,positive,5,0.041911114,1.0
1258,NLVPMVATV,swapped_92,5,0.14476949,0.0
5629,GLCTLVAML,swapped_4536,5,0.6008522,0.0
2892,GILGFVFTL,positive,5,0.46608245,1.0
3970,GILGFVFTL,swapped_2804,5,0.03693607,0.0
1875,GILGFVFTL,10x,5,0.7264421,0.0
5116,GILGFVFTL,10x,5,0.18454178,0.0
1992,GILGFVFTL,10x,5,0.691367,0.0
6865,GILGFVFTL,swapped_5776,5,0.89480823,0.0
6611,FLYALALLL,swapped_5974,5,0.028881442,0.0
1963,GLCTLVAML,10x,5,0.33220407,0.0
5792,NLVPMVATV,positive,5,0.44271365,1.0
5128,CLGGLLTMV,10x,5,0.23094727,0.0
6853,GLCTLVAML,swapped_5906,5,0.008887222,0.0
317,GILGFVFTL,positive,5,0.0065455902,1.0
3725,GILGFVFTL,10x,5,0.6075372,0.0
4119,GLCTLVAML,swapped_2781,5,0.014669587,0.0
4219,GILGFVFTL,positive,5,0.008399856,1.0
5112,GILGFVFTL,10x,5,0.7173491,0.0
6127,GILGFVFTL,10x,5,0.2703051,0.0
2036,RTLNAWVKV,10x,5,0.0136563275,0.0
1979,GILGFVFTL,10x,5,0.32297155,0.0
308,GILGFVFTL,positive,5,0.011582668,1.0
5418,NLVPMVATV,swapped_4521,5,0.015053238,0.0
664,GILGFVFTL,10x,5,0.13779873,0.0
1552,GLCTLVAML,positive,5,0.9407873,1.0
4130,NLVPMVATV,swapped_2761,5,0.011300678,0.0
5233,GILGFVFTL,10x,5,0.40652168,0.0
5448,GLCTLVAML,swapped_4240,5,0.12973708,0.0
3312,GILGFVFTL,10x,5,0.0073149945,0.0
3765,GILGFVFTL,10x,5,0.15670396,0.0
5398,GILGFVFTL,swapped_4268,5,0.99727505,0.0
1075,GILGFVFTL,10x,5,0.059405435,0.0
2895,GILGFVFTL,positive,5,0.0066009625,1.0
3941,GLCTLVAML,swapped_2789,5,0.026342869,0.0
1313,GLCTLVAML,swapped_352,5,0.013255083,0.0
362,GILGFVFTL,positive,5,0.73033595,1.0
5525,GLCTLVAML,swapped_4316,5,0.44195446,0.0
6162,GILGFVFTL,10x,5,0.21800433,0.0
4921,GILGFVFTL,10x,5,0.8670379,0.0
6455,GILGFVFTL,10x,5,0.7813895,0.0
6510,GLCTLVAML,10x,5,0.021764582,0.0
2297,GILGFVFTL,10x,5,0.089381866,0.0
3626,RMFPNAPYL,10x,5,0.6466923,0.0
1876,GILGFVFTL,10x,5,0.097330034,0.0
854,GLCTLVAML,10x,5,0.78719497,0.0
132,FLYALALLL,positive,5,0.016885022,1.0
1547,GLCTLVAML,positive,5,0.99723744,1.0
4561,GILGFVFTL,10x,5,0.25507653,0.0
3665,GILGFVFTL,10x,5,0.086183615,0.0
4365,GILGFVFTL,positive,5,0.796902,1.0
3160,RMFPNAPYL,10x,5,0.27853957,0.0
1939,GILGFVFTL,10x,5,0.124630146,0.0
4463,GILGFVFTL,positive,5,0.007409033,1.0
3717,GILGFVFTL,10x,5,0.19099727,0.0
330,LLFGYPVYV,positive,5,0.016888268,1.0
3303,GILGFVFTL,10x,5,0.007710066,0.0
4424,GILGFVFTL,positive,5,0.10134195,1.0
4841,GILGFVFTL,10x,5,0.011615868,0.0
2432,GILGFVFTL,swapped_1714,5,0.45271304,0.0
4439,GLCTLVAML,positive,5,0.83748496,1.0
1168,GLCTLVAML,swapped_287,5,0.024016337,0.0
1118,GILGFVFTL,10x,5,0.36239964,0.0
3286,NLVPMVATV,10x,5,0.6211689,0.0
4243,GILGFVFTL,positive,5,0.007364121,1.0
684,GLCTLVAML,10x,5,0.039366037,0.0
1127,GILGFVFTL,10x,5,0.011478348,0.0
3893,NLVPMVATV,swapped_2933,5,0.00393978,0.0
187,GILGFVFTL,positive,5,0.13864902,1.0
4056,RMFPNAPYL,swapped_2853,5,0.024362888,0.0
5740,GLCTLVAML,positive,5,0.06381749,1.0
6571,GILGFVFTL,10x,5,0.6907028,0.0
3576,GILGFVFTL,10x,5,0.45187166,0.0
645,YLLEMLWRL,10x,5,0.2783179,0.0
5294,GILGFVFTL,10x,5,0.31443506,0.0
2460,NLVPMVATV,swapped_1776,5,0.80267555,0.0
4905,GILGFVFTL,10x,5,0.46996698,0.0
2781,GILGFVFTL,positive,5,0.015816143,1.0
6594,GLCTLVAML,10x,5,0.5013156,0.0
5748,GILGFVFTL,positive,5,0.042920347,1.0
3287,GILGFVFTL,10x,5,0.14720218,0.0
4716,GLCTLVAML,10x,5,0.10166052,0.0
6436,GILGFVFTL,10x,5,0.35143515,0.0
1087,GILGFVFTL,10x,5,0.058814567,0.0
934,GILGFVFTL,10x,5,0.008985509,0.0
1458,NLVPMVATV,swapped_178,5,0.05317531,0.0
4634,GILGFVFTL,10x,5,0.33960578,0.0
4315,GILGFVFTL,positive,5,0.5474821,1.0
4839,NLVPMVATV,10x,5,0.030247655,0.0
1274,LLFGYPVYV,swapped_263,5,0.048734777,0.0
3524,GILGFVFTL,10x,5,0.07721675,0.0
4178,GILGFVFTL,positive,5,0.054080132,1.0
2790,GILGFVFTL,positive,5,0.008019467,1.0
6336,GLCTLVAML,10x,5,0.4655554,0.0
6120,GLCTLVAML,10x,5,0.2724442,0.0
242,GILGFVFTL,positive,5,0.009419043,1.0
4906,GILGFVFTL,10x,5,0.50744724,0.0
4623,LLFGYPVYV,10x,5,0.46897745,0.0
1225,LLFGYPVYV,swapped_41,5,0.0064042457,0.0
3420,GLCTLVAML,10x,5,0.3230056,0.0
5624,GLCTLVAML,swapped_4290,5,0.61206716,0.0
2900,GILGFVFTL,positive,5,0.24451473,1.0
4236,GLCTLVAML,positive,5,0.22784992,1.0
861,GILGFVFTL,10x,5,0.03493918,0.0
4228,GILGFVFTL,positive,5,0.73362213,1.0
2451,KTWGQYWQV,swapped_1720,5,0.010049119,0.0
3636,IMDQVPFSV,10x,5,0.167675,0.0
6001,GLCTLVAML,positive,5,0.97680795,1.0
5614,GILGFVFTL,swapped_4439,5,0.8431821,0.0
4802,GILGFVFTL,10x,5,0.47812518,0.0
4976,GILGFVFTL,10x,5,0.15945895,0.0
1902,GILGFVFTL,10x,5,0.3023501,0.0
2699,GLCTLVAML,positive,5,0.98639476,1.0
3150,GLCTLVAML,10x,5,0.47871232,0.0
5186,LLFGYPVYV,10x,5,0.2742231,0.0
6423,NLVPMVATV,10x,5,0.69238234,0.0
5520,MLDLQPETT,swapped_4243,5,0.007978501,0.0
1677,GILGFVFTL,positive,5,0.0758707,1.0
3606,GILGFVFTL,10x,5,0.33438766,0.0
3219,GILGFVFTL,10x,5,0.21590127,0.0
1389,GILGFVFTL,swapped_18,5,0.99824476,0.0
6523,GILGFVFTL,10x,5,0.015982877,0.0
1600,GILGFVFTL,positive,5,0.65909046,1.0
5042,GILGFVFTL,10x,5,0.0467157,0.0
5013,GILGFVFTL,10x,5,0.7968045,0.0
1337,GILGFVFTL,swapped_156,5,0.15872169,0.0
4257,GILGFVFTL,positive,5,0.040951267,1.0
5441,FLYALALLL,swapped_4424,5,0.105669275,0.0
5650,NLVPMVATV,swapped_4499,5,0.003185359,0.0
3386,GLCTLVAML,10x,5,0.67951524,0.0
349,GILGFVFTL,positive,5,0.6718716,1.0
6040,GILGFVFTL,10x,5,0.35844398,0.0
3779,GILGFVFTL,10x,5,0.006692249,0.0
3901,MLDLQPETT,swapped_2832,5,0.0034688935,0.0
6156,GILGFVFTL,10x,5,0.12036234,0.0
4580,GILGFVFTL,10x,5,0.26999184,0.0
3098,GILGFVFTL,10x,5,0.23568365,0.0
1393,KLQCVDLHV,swapped_349,5,0.66064227,0.0
565,GILGFVFTL,10x,5,0.10742323,0.0
6013,NLVPMVATV,10x,5,0.21054792,0.0
6719,GILGFVFTL,swapped_5878,5,0.42663646,0.0
263,GILGFVFTL,positive,5,0.048312724,1.0
1276,GLCTLVAML,swapped_155,5,0.011090125,0.0
1625,GILGFVFTL,positive,5,0.08595624,1.0
2923,GILGFVFTL,positive,5,0.2229163,1.0
424,GLCTLVAML,10x,5,0.2858091,0.0
3118,GLCTLVAML,10x,5,0.17691365,0.0
323,GILGFVFTL,positive,5,0.32271922,1.0
4274,KTWGQYWQV,positive,5,0.49085465,1.0
3701,GILGFVFTL,10x,5,0.5780397,0.0
5825,GILGFVFTL,positive,5,0.017684428,1.0
6247,GILGFVFTL,10x,5,0.03144748,0.0
5667,GLCTLVAML,swapped_4396,5,0.027069172,0.0
289,GILGFVFTL,positive,5,0.006773468,1.0
3932,GILGFVFTL,swapped_2876,5,0.1892033,0.0
2377,SLFNTVATL,10x,5,0.027644508,0.0
6305,GILGFVFTL,10x,5,0.44720936,0.0
3560,GILGFVFTL,10x,5,0.48707244,0.0
21,GILGFVFTL,positive,5,0.023503229,1.0
667,LLFGYPVYV,10x,5,0.6445207,0.0
6443,GILGFVFTL,10x,5,0.711083,0.0
4165,NLVPMVATV,swapped_2823,5,0.006381968,0.0
210,GLCTLVAML,positive,5,0.8491027,1.0
6243,GILGFVFTL,10x,5,0.78131086,0.0
3533,GILGFVFTL,10x,5,0.36291093,0.0
3346,GLCTLVAML,10x,5,0.14963394,0.0
339,GLCTLVAML,positive,5,0.9983039,1.0
6368,NLVPMVATV,10x,5,0.43693835,0.0
1226,NLVPMVATV,swapped_160,5,0.014880982,0.0
1289,NLVPMVATV,swapped_187,5,0.14411,0.0
6360,GILGFVFTL,10x,5,0.06221551,0.0
2763,GILGFVFTL,positive,5,0.0040615434,1.0
167,GILGFVFTL,positive,5,0.01890986,1.0
3390,GILGFVFTL,10x,5,0.088441655,0.0
4312,GILGFVFTL,positive,5,0.04492221,1.0
915,GILGFVFTL,10x,5,0.021572875,0.0
418,GLCTLVAML,10x,5,0.1806937,0.0
6531,GILGFVFTL,10x,5,0.33802646,0.0
5640,NLVPMVATV,swapped_4273,5,0.00637422,0.0
3115,NLVPMVATV,10x,5,0.0063086464,0.0
4451,IMDQVPFSV,positive,5,0.19002403,1.0
4034,NLVPMVATV,swapped_2817,5,0.0087855635,0.0
2912,FLYALALLL,positive,5,0.6340458,1.0
6874,GILGFVFTL,swapped_5970,5,0.19995345,0.0
2459,GLCTLVAML,swapped_1790,5,0.25136852,0.0
4252,GILGFVFTL,positive,5,0.103249304,1.0
1966,GILGFVFTL,10x,5,0.060076695,0.0
1964,GILGFVFTL,10x,5,0.009118965,0.0
3181,GILGFVFTL,10x,5,0.3628589,0.0
5878,LLFGYPVYV,positive,5,0.4300798,1.0
3798,GILGFVFTL,10x,5,0.65133524,0.0
5105,GILGFVFTL,10x,5,0.14675957,0.0
4870,GILGFVFTL,10x,5,0.48571512,0.0
1834,GILGFVFTL,10x,5,0.118657425,0.0
4613,GILGFVFTL,10x,5,0.5443793,0.0
1198,LLFGYPVYV,swapped_191,5,0.20191267,0.0
5693,GLCTLVAML,swapped_4205,5,0.019967692,0.0
6302,NLVPMVATV,10x,5,0.19853441,0.0
19,GILGFVFTL,positive,5,0.020498121,1.0
1379,LLFGYPVYV,swapped_341,5,0.915876,0.0
6237,GLCTLVAML,10x,5,0.49038133,0.0
5862,GILGFVFTL,positive,5,0.23343562,1.0
6353,GILGFVFTL,10x,5,0.52994794,0.0
2059,GILGFVFTL,10x,5,0.63445383,0.0
6004,GILGFVFTL,positive,5,0.017226972,1.0
2053,GILGFVFTL,10x,5,0.101772614,0.0
312,GILGFVFTL,positive,5,0.02338193,1.0
4719,GILGFVFTL,10x,5,0.10669866,0.0
1387,NLVPMVATV,swapped_96,5,0.054572836,0.0
1302,LLFGYPVYV,swapped_227,5,0.19866246,0.0
4005,NLVPMVATV,swapped_3044,5,0.0034397314,0.0
3169,GILGFVFTL,10x,5,0.8124162,0.0
3692,GILGFVFTL,10x,5,0.2839486,0.0
2551,GILGFVFTL,swapped_1777,5,0.020350015,0.0
171,MLDLQPETT,positive,5,0.6189578,1.0
4627,GILGFVFTL,10x,5,0.4726397,0.0
6802,MLDLQPETT,swapped_5979,5,0.008401024,0.0
92,GILGFVFTL,positive,5,0.13827907,1.0
1099,GILGFVFTL,10x,5,0.5036174,0.0
4737,GILGFVFTL,10x,5,0.29048258,0.0
3332,GILGFVFTL,10x,5,0.18466435,0.0
890,GILGFVFTL,10x,5,0.013816667,0.0
6339,GILGFVFTL,10x,5,0.25457677,0.0
3409,GILGFVFTL,10x,5,0.9213754,0.0
1215,NLVPMVATV,swapped_257,5,0.054410428,0.0
3930,GLCTLVAML,swapped_2807,5,0.4951284,0.0
121,GILGFVFTL,positive,5,0.011836031,1.0
5508,NLVPMVATV,swapped_4375,5,0.013713114,0.0
1208,GLCTLVAML,swapped_217,5,0.12345981,0.0
4048,KTWGQYWQV,swapped_2788,5,0.0042785252,0.0
41,GILGFVFTL,positive,5,0.0063396273,1.0
4367,GLCTLVAML,positive,5,0.55587333,1.0
2731,GILGFVFTL,positive,5,0.0075577917,1.0
2329,NLVPMVATV,10x,5,0.18540841,0.0
6576,FLYALALLL,10x,5,0.07078368,0.0
5432,RTLNAWVKV,swapped_4515,5,0.014617064,0.0
4215,GILGFVFTL,positive,5,0.02465315,1.0
1210,GILGFVFTL,swapped_339,5,0.99839574,0.0
5529,RTLNAWVKV,swapped_4321,5,0.00776871,0.0
6657,NLVPMVATV,swapped_5981,5,0.120671034,0.0
6169,GILGFVFTL,10x,5,0.022394545,0.0
3837,NLVPMVATV,swapped_2974,5,0.026292697,0.0
4610,GILGFVFTL,10x,5,0.734085,0.0
1188,RTLNAWVKV,swapped_308,5,0.011769992,0.0
5080,GILGFVFTL,10x,5,0.96466887,0.0
669,GILGFVFTL,10x,5,0.21685094,0.0
2674,NLVPMVATV,swapped_1788,5,0.13990861,0.0
6808,NLVPMVATV,swapped_5945,5,0.031998158,0.0
1371,LLFGYPVYV,swapped_38,5,0.5090091,0.0
3914,GLCTLVAML,swapped_2882,5,0.03878709,0.0
3948,GILGFVFTL,swapped_2699,5,0.9871229,0.0
1490,GILGFVFTL,swapped_169,5,0.13291477,0.0
4911,LLFGYPVYV,10x,5,0.14129943,0.0
2274,GILGFVFTL,10x,5,0.015533837,0.0
5990,GILGFVFTL,positive,5,0.002022749,1.0
4316,GILGFVFTL,positive,5,0.46368158,1.0
3278,GLCTLVAML,10x,5,0.009920684,0.0
3231,RTLNAWVKV,10x,5,0.5332956,0.0
887,GLCTLVAML,10x,5,0.05566488,0.0
1807,FLYALALLL,positive,5,0.35975334,1.0
3135,GILGFVFTL,10x,5,0.025379324,0.0
5717,GILGFVFTL,positive,5,0.052374907,1.0
876,GLCTLVAML,10x,5,0.754819,0.0
3436,GILGFVFTL,10x,5,0.9171211,0.0
38,GILGFVFTL,positive,5,0.5055117,1.0
471,GILGFVFTL,10x,5,0.06313838,0.0
2689,GLCTLVAML,swapped_1749,5,0.16760577,0.0
3008,GLCTLVAML,positive,5,0.9922691,1.0
4396,NLVPMVATV,positive,5,0.030457055,1.0
3122,GILGFVFTL,10x,5,0.10816471,0.0
5882,SLLMWITQV,positive,5,0.057102546,1.0
1624,GILGFVFTL,positive,5,0.9647636,1.0
5658,GLCTLVAML,swapped_4252,5,0.09638519,0.0
4185,GILGFVFTL,positive,5,0.0703672,1.0
2811,GILGFVFTL,positive,5,0.013338703,1.0
1519,FLYALALLL,swapped_203,5,0.37578845,0.0
1148,NLVPMVATV,swapped_293,5,0.0061933068,0.0
689,GLCTLVAML,10x,5,0.026817761,0.0
6696,GLCTLVAML,swapped_5707,5,0.002935951,0.0
1179,GILGFVFTL,swapped_132,5,0.016195865,0.0
3826,GLCTLVAML,swapped_2701,5,0.0016509952,0.0
4067,NLVPMVATV,swapped_2808,5,0.009366016,0.0
4290,LLFGYPVYV,positive,5,0.63942564,1.0
4587,GILGFVFTL,10x,5,0.13093108,0.0
2948,NLVPMVATV,positive,5,0.048279226,1.0
6274,GILGFVFTL,10x,5,0.37938178,0.0
1872,GILGFVFTL,10x,5,0.2969495,0.0
1922,GILGFVFTL,10x,5,0.37159076,0.0
2328,GILGFVFTL,10x,5,0.04057528,0.0
830,GILGFVFTL,10x,5,0.17981148,0.0
6721,GLCTLVAML,swapped_5809,5,0.17497352,0.0
5530,GLCTLVAML,swapped_4445,5,0.029022947,0.0
5636,GLCTLVAML,swapped_4315,5,0.5235273,0.0
5790,FLYALALLL,positive,5,0.06581695,1.0
6904,GILGFVFTL,swapped_5737,5,0.9984174,0.0
4240,GILGFVFTL,positive,5,0.14154689,1.0
4944,GILGFVFTL,10x,5,0.055886544,0.0
86,GILGFVFTL,positive,5,0.06421371,1.0
3911,GLCTLVAML,swapped_2979,5,0.00391213,0.0
3106,NLVPMVATV,10x,5,0.005044682,0.0
6905,RMFPNAPYL,swapped_5902,5,0.05583484,0.0
2494,GILGFVFTL,swapped_1592,5,0.99556726,0.0
1006,GILGFVFTL,10x,5,0.91573864,0.0
671,GILGFVFTL,10x,5,0.229111,0.0
151,GILGFVFTL,positive,5,0.029392645,1.0
2789,GILGFVFTL,positive,5,0.028524438,1.0
1766,GILGFVFTL,positive,5,0.018474743,1.0
49,GLCTLVAML,positive,5,0.770871,1.0
1749,GILGFVFTL,positive,5,0.1850152,1.0
3250,GLCTLVAML,10x,5,0.017773988,0.0
2916,GILGFVFTL,positive,5,0.0030277225,1.0
2505,NLVPMVATV,swapped_1690,5,0.50268865,0.0
443,KTWGQYWQV,10x,5,0.24438022,0.0
4413,GILGFVFTL,positive,5,0.0059693335,1.0
235,GILGFVFTL,positive,5,0.009403386,1.0
6257,GILGFVFTL,10x,5,0.095099784,0.0
975,GILGFVFTL,10x,5,0.12925857,0.0
186,FLYALALLL,positive,5,0.10854458,1.0
2973,GILGFVFTL,positive,5,0.006767225,1.0
3921,NLVPMVATV,swapped_2977,5,0.0015460463,0.0
6079,GILGFVFTL,10x,5,0.15710184,0.0
3240,GILGFVFTL,10x,5,0.0791155,0.0
3075,GILGFVFTL,10x,5,0.17344804,0.0
1991,GILGFVFTL,10x,5,0.3590859,0.0
4238,SLLMWITQV,positive,5,0.023335958,1.0
234,FLYALALLL,positive,5,0.3311922,1.0
4721,GILGFVFTL,10x,5,0.014101603,0.0
1453,GLCTLVAML,swapped_100,5,0.003330438,0.0
5292,GILGFVFTL,10x,5,0.38613087,0.0
2600,NLVPMVATV,swapped_1629,5,0.28378728,0.0
4364,GILGFVFTL,positive,5,0.09037142,1.0
3347,GILGFVFTL,10x,5,0.14738469,0.0
763,GILGFVFTL,10x,5,0.6163769,0.0
1298,KVLEYVIKV,swapped_268,5,0.31214476,0.0
5732,GILGFVFTL,positive,5,0.004271766,1.0
3756,GILGFVFTL,10x,5,0.0065547437,0.0
5965,GILGFVFTL,positive,5,0.006106119,1.0
5217,GILGFVFTL,10x,5,0.022450693,0.0
2469,MLDLQPETT,swapped_1726,5,0.18689731,0.0
6387,NLVPMVATV,10x,5,0.086248,0.0
646,GILGFVFTL,10x,5,0.98514706,0.0
6178,NLVPMVATV,10x,5,0.32019085,0.0
594,FLYALALLL,10x,5,0.0063452353,0.0
5032,GILGFVFTL,10x,5,0.37782097,0.0
3579,LLFGYPVYV,10x,5,0.29895633,0.0
3376,GILGFVFTL,10x,5,0.00938686,0.0
4174,GLCTLVAML,positive,5,0.63384694,1.0
5666,NLVPMVATV,swapped_4311,5,0.12607022,0.0
155,GILGFVFTL,positive,5,0.011983988,1.0
5560,RMFPNAPYL,swapped_4502,5,0.026189277,0.0
1690,GLCTLVAML,positive,5,0.4826815,1.0
1999,GILGFVFTL,10x,5,0.20108731,0.0
3743,GILGFVFTL,10x,5,0.8707677,0.0
4538,GILGFVFTL,positive,5,0.6749467,1.0
5760,GILGFVFTL,positive,5,0.023911335,1.0
6700,GLCTLVAML,swapped_5965,5,0.0056594172,0.0
4375,GILGFVFTL,positive,5,0.013014468,1.0
2897,GLCTLVAML,positive,5,0.19201504,1.0
485,GILGFVFTL,10x,5,0.27452755,0.0
4830,GLCTLVAML,10x,5,0.19930913,0.0
1121,NLVPMVATV,10x,5,0.07561765,0.0
2045,GILGFVFTL,10x,5,0.005546842,0.0
6903,RTLNAWVKV,swapped_5717,5,0.05304527,0.0
3039,GILGFVFTL,positive,5,0.015124598,1.0
1596,GILGFVFTL,positive,5,0.26207757,1.0
5071,NLVPMVATV,10x,5,0.2077426,0.0
6632,NLVPMVATV,swapped_5795,5,0.010598338,0.0
4115,NLVPMVATV,swapped_2827,5,0.013910938,0.0
2511,GLCTLVAML,swapped_1672,5,0.03964339,0.0
2979,GILGFVFTL,positive,5,0.004221501,1.0
4043,GLCTLVAML,swapped_2892,5,0.43878356,0.0
5293,GILGFVFTL,10x,5,0.09052202,0.0
578,GLCTLVAML,10x,5,0.7219944,0.0
2592,RTLNAWVKV,swapped_1713,5,0.004036469,0.0
1115,GILGFVFTL,10x,5,0.15951554,0.0
4118,GLCTLVAML,swapped_2866,5,0.016043527,0.0
1448,FLYALALLL,swapped_107,5,0.13526607,0.0
3622,GILGFVFTL,10x,5,0.16341475,0.0
2273,NLVPMVATV,10x,5,0.3981477,0.0
5306,GILGFVFTL,10x,5,0.18351914,0.0
2257,GILGFVFTL,10x,5,0.7298112,0.0
1205,GLCTLVAML,swapped_369,5,0.024585247,0.0
6847,GILGFVFTL,swapped_5816,5,0.52461964,0.0
5903,GILGFVFTL,positive,5,0.053458773,1.0
463,GILGFVFTL,10x,5,0.35739967,0.0
5430,NLVPMVATV,swapped_4356,5,0.003116546,0.0
3624,IMDQVPFSV,10x,5,0.7716617,0.0
5969,GILGFVFTL,positive,5,0.030339181,1.0
5151,GILGFVFTL,10x,5,0.016577482,0.0
2482,GLCTLVAML,swapped_1624,5,0.9627103,0.0
272,GILGFVFTL,positive,5,0.119159274,1.0
2739,GILGFVFTL,positive,5,0.009125494,1.0
6660,GILGFVFTL,swapped_5790,5,0.06275277,0.0
6221,FLYALALLL,10x,5,0.18500884,0.0
1990,GILGFVFTL,10x,5,0.36947435,0.0
5456,NLVPMVATV,swapped_4180,5,0.001834355,0.0
991,GLCTLVAML,swapped_73,5,0.038407724,0.0
6518,GILGFVFTL,10x,5,0.30978453,0.0
4824,GILGFVFTL,10x,5,0.64774555,0.0
1381,NLVPMVATV,swapped_289,5,0.0071350355,0.0
73,KVLEYVIKV,positive,5,0.045020647,1.0
5215,MLDLQPETT,10x,5,0.31013238,0.0
2072,NLVPMVATV,10x,5,0.7506097,0.0
352,GILGFVFTL,positive,5,0.014368782,1.0
3591,NLVPMVATV,10x,5,0.32524318,0.0
3538,GILGFVFTL,10x,5,0.08844706,0.0
3410,GLCTLVAML,10x,5,0.2746752,0.0
6418,GILGFVFTL,10x,5,0.49192816,0.0
556,GILGFVFTL,10x,5,0.14853072,0.0
4040,GLCTLVAML,swapped_2794,5,0.00830529,0.0
5182,GILGFVFTL,10x,5,0.096443005,0.0
4137,KTWGQYWQV,swapped_2912,5,0.62714046,0.0
2509,GILGFVFTL,swapped_1736,5,0.7134149,0.0
2670,GLCTLVAML,swapped_1623,5,0.022076348,0.0
2393,GILGFVFTL,10x,5,0.33839256,0.0
2282,GLCTLVAML,10x,5,0.954853,0.0
6291,GILGFVFTL,10x,5,0.055678893,0.0
2830,GILGFVFTL,positive,5,0.01046436,1.0
1820,GILGFVFTL,10x,5,0.27808565,0.0
1014,GILGFVFTL,10x,5,0.14160787,0.0
2296,GLCTLVAML,10x,5,0.16956544,0.0
1446,KVAELVHFL,swapped_318,5,0.04050843,0.0
1078,SLLMWITQV,10x,5,0.70259994,0.0
4515,GILGFVFTL,positive,5,0.014424935,1.0
5276,GILGFVFTL,10x,5,0.06543995,0.0
1347,LLFGYPVYV,swapped_256,5,0.0051749237,0.0
1491,GILGFVFTL,swapped_73,5,0.041331813,0.0
6216,GILGFVFTL,10x,5,0.05883347,0.0
4873,NLVPMVATV,10x,5,0.22622925,0.0
1039,NLVPMVATV,10x,5,0.15726769,0.0
3657,GILGFVFTL,10x,5,0.037576444,0.0
1960,GILGFVFTL,10x,5,0.62589896,0.0
6183,GLCTLVAML,10x,5,0.035833955,0.0
6316,GILGFVFTL,10x,5,0.25616938,0.0
3873,MLDLQPETT,swapped_3047,5,0.26160994,0.0
5197,GILGFVFTL,10x,5,0.073455736,0.0
3252,GLCTLVAML,10x,5,0.033272214,0.0
5061,NLVPMVATV,10x,5,0.025961915,0.0
2578,GILGFVFTL,swapped_1675,5,0.35135394,0.0
3954,GLCTLVAML,swapped_2851,5,0.9561351,0.0
1714,NLVPMVATV,positive,5,0.46062037,1.0
2591,LLFGYPVYV,swapped_1564,5,0.46609586,0.0
2492,KTWGQYWQV,swapped_1709,5,0.096083574,0.0
5028,GILGFVFTL,10x,5,0.04674615,0.0
3055,GILGFVFTL,positive,5,0.0034940338,1.0
4003,GLCTLVAML,swapped_2884,5,0.0726267,0.0
2026,GILGFVFTL,10x,5,0.473806,0.0
3044,GILGFVFTL,positive,5,0.0032648074,1.0
2524,GILGFVFTL,swapped_1723,5,0.030940777,0.0
2051,NLVPMVATV,10x,5,0.7129958,0.0
3965,GILGFVFTL,swapped_2958,5,0.7645952,0.0
3586,GLCTLVAML,10x,5,0.6909127,0.0
2173,GILGFVFTL,10x,5,0.70976985,0.0
379,GILGFVFTL,positive,5,0.0032254525,1.0
1590,GILGFVFTL,positive,5,0.016283326,1.0
3823,GLCTLVAML,swapped_2731,5,0.0070056464,0.0
537,GILGFVFTL,10x,5,0.7369551,0.0
690,SLFNTVATL,10x,5,0.08832338,0.0
3671,GILGFVFTL,10x,5,0.04497798,0.0
2467,GLCTLVAML,swapped_1742,5,0.0024447762,0.0
2160,FLYALALLL,10x,5,0.05081221,0.0
1629,GILGFVFTL,positive,5,0.27753893,1.0
4186,GILGFVFTL,positive,5,0.83071226,1.0
3361,GLCTLVAML,10x,5,0.54700375,0.0
4170,NLVPMVATV,swapped_2900,5,0.2534703,0.0
406,GILGFVFTL,10x,5,0.6661407,0.0
3210,GILGFVFTL,10x,5,0.15712723,0.0
1056,GLCTLVAML,10x,5,0.012735657,0.0
6338,GILGFVFTL,10x,5,0.0266074,0.0
1324,MLDLQPETT,swapped_379,5,0.003500919,0.0
4153,GLCTLVAML,swapped_2783,5,0.019957878,0.0
6056,GLCTLVAML,10x,5,0.296933,0.0
3280,NLVPMVATV,10x,5,0.6195865,0.0
5809,GILGFVFTL,positive,5,0.18911977,1.0
1403,GLCTLVAML,swapped_235,5,0.008717593,0.0
2807,GILGFVFTL,positive,5,0.52029,1.0
1970,GILGFVFTL,10x,5,0.21729918,0.0
4546,GILGFVFTL,positive,5,0.029991765,1.0
4321,GILGFVFTL,positive,5,0.0076445714,1.0
1498,NLVPMVATV,swapped_60,5,0.1442507,0.0
6201,GILGFVFTL,10x,5,0.03657239,0.0
3988,GILGFVFTL,swapped_3008,5,0.99271095,0.0
2430,GILGFVFTL,swapped_1547,5,0.9973869,0.0
6882,NLVPMVATV,swapped_5722,5,0.029733334,0.0
1145,GLCTLVAML,swapped_336,5,0.012190125,0.0
2884,GILGFVFTL,positive,5,0.07862592,1.0
2247,GILGFVFTL,10x,5,0.36270696,0.0
3140,GLCTLVAML,10x,5,0.4960319,0.0
2851,GILGFVFTL,positive,5,0.95860547,1.0
1214,NLVPMVATV,swapped_241,5,0.0039987816,0.0
4311,GILGFVFTL,positive,5,0.121193625,1.0
2468,NLVPMVATV,swapped_1627,5,0.0019885527,0.0
2477,GILGFVFTL,swapped_1704,5,0.9070772,0.0
6124,GILGFVFTL,10x,5,0.13034458,0.0
4882,GILGFVFTL,10x,5,0.49402663,0.0
1726,GILGFVFTL,positive,5,0.17619397,1.0
1272,GLCTLVAML,swapped_309,5,0.002757591,0.0
1147,GILGFVFTL,swapped_22,5,0.07840967,0.0
5656,FLYALALLL,swapped_4360,5,0.4247333,0.0
1245,RTLNAWVKV,swapped_234,5,0.32560855,0.0
2398,RMFPNAPYL,10x,5,0.8361202,0.0
6465,GLCTLVAML,10x,5,0.18731572,0.0
3678,GILGFVFTL,10x,5,0.033662178,0.0
6692,NLVPMVATV,swapped_5903,5,0.055920962,0.0
6790,KTWGQYWQV,swapped_5792,5,0.4276802,0.0
685,GILGFVFTL,10x,5,0.3907333,0.0
6039,GILGFVFTL,10x,5,0.05457179,0.0
5176,GILGFVFTL,10x,5,0.115151726,0.0
2794,GILGFVFTL,positive,5,0.009023529,1.0
785,GLCTLVAML,10x,5,0.027769644,0.0
4090,GLCTLVAML,swapped_3019,5,0.0015479126,0.0
5389,NLVPMVATV,swapped_4222,5,0.0043785,0.0
1243,RTLNAWVKV,swapped_320,5,0.020324681,0.0
3195,GILGFVFTL,10x,5,0.4434657,0.0
5363,GLCTLVAML,swapped_4312,5,0.04154017,0.0
5223,GILGFVFTL,10x,5,0.63896155,0.0
6068,GLCTLVAML,10x,5,0.39781013,0.0
5481,GLCTLVAML,swapped_4485,5,0.46278998,0.0
3812,GLCTLVAML,swapped_3039,5,0.0140274465,0.0
5870,GILGFVFTL,positive,5,0.0035534985,1.0
2533,GILGFVFTL,swapped_1689,5,0.051075723,0.0
6303,GILGFVFTL,10x,5,0.08010607,0.0
2691,NLVPMVATV,swapped_1600,5,0.66402954,0.0
5631,FLYALALLL,swapped_4555,5,0.74363315,0.0
3796,GILGFVFTL,10x,5,0.043428045,0.0
4699,GLCTLVAML,10x,5,0.03423998,0.0
2693,GILGFVFTL,swapped_1759,5,0.02178841,0.0
4139,GILGFVFTL,swapped_3041,5,0.93902755,0.0
5630,GLCTLVAML,swapped_4215,5,0.022880867,0.0
6819,NLVPMVATV,swapped_5937,5,0.0089425985,0.0
392,GILGFVFTL,10x,5,0.8524687,0.0
2701,GILGFVFTL,positive,5,0.0017893304,1.0
1138,NLVPMVATV,10x,5,0.27576417,0.0
845,GILGFVFTL,10x,5,0.257103,0.0
675,GILGFVFTL,10x,5,0.16996181,0.0
1944,GILGFVFTL,10x,5,0.26091138,0.0
290,GILGFVFTL,positive,5,0.020709975,1.0
5974,GILGFVFTL,positive,5,0.027716473,1.0
4160,GILGFVFTL,swapped_2948,5,0.046253454,0.0
4932,GILGFVFTL,10x,5,0.025903467,0.0
3481,GILGFVFTL,10x,5,0.56710047,0.0
5720,GILGFVFTL,positive,5,0.24453731,1.0
1154,GILGFVFTL,swapped_65,5,0.24334945,0.0
576,GILGFVFTL,10x,5,0.5047469,0.0
6148,GILGFVFTL,10x,5,0.07379281,0.0
