peptide,n_positives,auc,auc_0.1,auc_swapped,auc_swapped_0.1,auc_10x,auc_10x_0.1,count
FLYALALLL,12,0.8938992042440318,0.8087393550188469,0.9149797570850202,0.7933091838909014,0.8538461538461539,0.8380566801619433,42.0
GILGFVFTL,12,0.28593575821109285,0.5364153238763282,0.37772581434553265,0.5516484397136733,0.27151740868555024,0.5352768431482917,782.0
GLCTLVAML,12,0.8060793695468618,0.6573688654509903,0.896458435809149,0.7071996272037694,0.6851973684210526,0.6173822714681441,225.0
LLFGYPVYV,12,0.6444444444444444,0.47368421052631576,0.7592592592592593,0.47368421052631576,0.4722222222222222,0.47368421052631576,33.0
NLVPMVATV,12,0.7843045112781954,0.5622279382667195,0.9013605442176871,0.6598639455782314,0.6397058823529412,0.5295223352498895,180.0
total,12,0.4833328557191119,0.5433605841573854,0.69003226787238,0.5451370803847367,0.3839709196518656,0.5425487935546403,1262.0
FLYALALLL,33,0.7161803713527852,0.5644283121597097,0.7651821862348179,0.5141700404858299,0.6230769230769231,0.6761133603238867,42.0
GILGFVFTL,33,0.1857416006555586,0.49209751162050647,0.20947305454347712,0.49532186003646345,0.18201387227935897,0.49173939392849497,782.0
GLCTLVAML,33,0.855474247115114,0.7295095323447939,0.9166256763403837,0.7453853522147721,0.7736842105263158,0.7229916897506925,225.0
LLFGYPVYV,33,0.6444444444444445,0.47368421052631576,0.7777777777777779,0.47368421052631576,0.4444444444444444,0.47368421052631576,33.0
NLVPMVATV,33,0.7817199248120301,0.6149089829837753,0.9043367346938775,0.6553884711779449,0.6302521008403361,0.6013931888544891,180.0
total,33,0.4243283948022836,0.533417829154544,0.6440922331525417,0.529981349572403,0.31868629244420144,0.5350697703041585,1262.0
FLYALALLL,72,0.883289124668435,0.6705291079156779,0.9109311740890689,0.7038141913488174,0.8307692307692308,0.7165991902834008,42.0
GILGFVFTL,72,0.8937891729478726,0.8721792854830994,0.9365925281418239,0.8950459513839796,0.8870656370656371,0.8686323558237857,782.0
GLCTLVAML,72,0.8996622572473966,0.7955767550031849,0.94023610427939,0.8019520024853082,0.8453947368421053,0.7870498614958449,225.0
LLFGYPVYV,72,0.5666666666666667,0.47368421052631576,0.7037037037037037,0.47368421052631576,0.36111111111111105,0.4743339831059129,33.0
NLVPMVATV,72,0.7789003759398496,0.5993272655322517,0.9156037414965987,0.6649700550076489,0.610031512605042,0.5908889871738169,180.0
total,72,0.8892762870907245,0.8230497963938954,0.9291970301787973,0.8206348165748771,0.8700860906544965,0.8247665348697673,1262.0
FLYALALLL,89,0.8143236074270558,0.6621527293033646,0.8623481781376519,0.7506925207756233,0.7230769230769232,0.6761133603238867,42.0
GILGFVFTL,89,0.16534767490790436,0.48953309323642424,0.20052748925988362,0.4889393258555601,0.15982164212252709,0.48962636200642723,782.0
GLCTLVAML,89,0.6574021953278919,0.5009406431925578,0.8148057058534186,0.5066922101120978,0.44687499999999997,0.49619113573407203,225.0
LLFGYPVYV,89,0.6111111111111112,0.47368421052631576,0.7407407407407408,0.47368421052631576,0.4166666666666667,0.47368421052631576,33.0
NLVPMVATV,89,0.7991071428571428,0.5834982192322913,0.9047619047619047,0.6142141066953097,0.66859243697479,0.572091994692614,180.0
total,89,0.36037585055132604,0.5077171565228947,0.5636432291411253,0.5041969914635449,0.26266371839963787,0.5094564730276248,1262.0
