938,GLCTLVAML,10x,5,0.21847928,0.0
3444,GILGFVFTL,10x,5,0.5914292,0.0
1590,GILGFVFTL,positive,5,0.015416459,1.0
1800,GILGFVFTL,positive,5,0.20903146,1.0
2232,NLVPMVATV,10x,5,0.52123547,0.0
2549,GILGFVFTL,swapped_1770,5,0.163072,0.0
526,GILGFVFTL,10x,5,0.28661966,0.0
4841,GILGFVFTL,10x,5,0.4171417,0.0
290,GILGFVFTL,positive,5,0.032957625,1.0
1416,LLFGYPVYV,swapped_19,5,0.0075659584,0.0
2160,FLYALALLL,10x,5,0.0039121895,0.0
5096,NLVPMVATV,10x,5,0.09007916,0.0
365,GILGFVFTL,positive,5,0.04362422,1.0
1547,GLCTLVAML,positive,5,0.993515,1.0
1469,GLCTLVAML,swapped_290,5,0.00019746537,0.0
2167,GILGFVFTL,10x,5,0.60744864,0.0
6034,GLCTLVAML,10x,5,0.661935,0.0
4397,GILGFVFTL,positive,5,0.066083394,1.0
1838,NLVPMVATV,10x,5,0.5023669,0.0
5403,GLCTLVAML,swapped_4277,5,0.00030805395,0.0
287,GILGFVFTL,positive,5,0.020672265,1.0
1867,GILGFVFTL,10x,5,0.49454495,0.0
6056,GLCTLVAML,10x,5,0.08014183,0.0
5737,GLCTLVAML,positive,5,0.99631065,1.0
4063,NLVPMVATV,swapped_2901,5,0.0093891965,0.0
5452,NLVPMVATV,swapped_4219,5,0.0015619998,0.0
6493,GILGFVFTL,10x,5,0.15123035,0.0
60,GILGFVFTL,positive,5,0.5884597,1.0
2060,GLCTLVAML,10x,5,0.5371802,0.0
6664,NLVPMVATV,swapped_5720,5,0.00903279,0.0
2701,GILGFVFTL,positive,5,0.028547987,1.0
1431,FLYALALLL,swapped_362,5,0.13641104,0.0
3351,NLVPMVATV,10x,5,0.19705947,0.0
3210,GILGFVFTL,10x,5,0.083338864,0.0
980,NLVPMVATV,10x,5,0.68165284,0.0
55,GLCTLVAML,positive,5,0.7817492,1.0
641,GILGFVFTL,10x,5,0.1860009,0.0
5631,FLYALALLL,swapped_4555,5,0.029133873,0.0
5876,GLCTLVAML,positive,5,0.80294675,1.0
3233,FLYALALLL,10x,5,0.18268396,0.0
3266,GILGFVFTL,10x,5,0.14780878,0.0
6721,GLCTLVAML,swapped_5809,5,0.00222337,0.0
3241,GILGFVFTL,10x,5,0.1738185,0.0
4268,GLCTLVAML,positive,5,0.9967307,1.0
317,GILGFVFTL,positive,5,0.051549003,1.0
918,GILGFVFTL,10x,5,0.57105523,0.0
4932,GILGFVFTL,10x,5,0.20003338,0.0
2012,GILGFVFTL,10x,5,0.10018739,0.0
141,GILGFVFTL,positive,5,0.036377333,1.0
6523,GILGFVFTL,10x,5,0.025484899,0.0
203,GILGFVFTL,positive,5,0.53456545,1.0
5544,GLCTLVAML,swapped_4336,5,0.0008297181,0.0
235,GILGFVFTL,positive,5,0.011691291,1.0
6156,GILGFVFTL,10x,5,0.5121031,0.0
4137,KTWGQYWQV,swapped_2912,5,0.10373778,0.0
4365,GILGFVFTL,positive,5,0.27659202,1.0
3648,GILGFVFTL,10x,5,0.22969316,0.0
1921,NLVPMVATV,10x,5,0.024018476,0.0
4048,KTWGQYWQV,swapped_2788,5,0.0006252403,0.0
3770,GILGFVFTL,10x,5,0.1363209,0.0
1809,GLCTLVAML,positive,5,0.7688253,1.0
379,GILGFVFTL,positive,5,0.012998908,1.0
3420,GLCTLVAML,10x,5,0.24778545,0.0
3308,GILGFVFTL,10x,5,0.15889591,0.0
751,GILGFVFTL,10x,5,0.34769264,0.0
6563,NLVPMVATV,10x,5,0.05383807,0.0
4891,GILGFVFTL,10x,5,0.4204505,0.0
3172,FLYALALLL,10x,5,0.73619425,0.0
4165,NLVPMVATV,swapped_2823,5,8.750592e-06,0.0
2236,YLLEMLWRL,10x,5,0.46186316,0.0
1864,GILGFVFTL,10x,5,0.73453534,0.0
4223,NLVPMVATV,positive,5,0.0020477187,1.0
2590,GILGFVFTL,swapped_1807,5,0.5739209,0.0
6252,GILGFVFTL,10x,5,0.5210457,0.0
3719,GILGFVFTL,10x,5,0.7349454,0.0
150,GILGFVFTL,positive,5,0.13461177,1.0
4546,GILGFVFTL,positive,5,0.019713193,1.0
5508,NLVPMVATV,swapped_4375,5,8.48364e-06,0.0
5707,GILGFVFTL,positive,5,0.01082267,1.0
6425,GLCTLVAML,10x,5,0.21033701,0.0
1091,GILGFVFTL,10x,5,0.05928383,0.0
3956,NLVPMVATV,swapped_3028,5,0.002370997,0.0
4139,GILGFVFTL,swapped_3041,5,0.74131566,0.0
5636,GLCTLVAML,swapped_4315,5,0.07054159,0.0
4722,GILGFVFTL,10x,5,0.3290904,0.0
2943,GILGFVFTL,positive,5,0.008758966,1.0
5656,FLYALALLL,swapped_4360,5,0.049288623,0.0
2349,GILGFVFTL,10x,5,0.24725026,0.0
2501,GLCTLVAML,swapped_1671,5,0.0008487497,0.0
196,GILGFVFTL,positive,5,0.589534,1.0
1854,NLVPMVATV,10x,5,0.12635927,0.0
2444,GILGFVFTL,swapped_1686,5,0.53800595,0.0
4706,GILGFVFTL,10x,5,0.4837641,0.0
966,IMDQVPFSV,10x,5,0.049028385,0.0
3115,NLVPMVATV,10x,5,0.0034697424,0.0
3075,GILGFVFTL,10x,5,0.6797729,0.0
4471,NLVPMVATV,positive,5,0.35721973,1.0
1298,KVLEYVIKV,swapped_268,5,0.015425392,0.0
628,GILGFVFTL,10x,5,0.05769067,0.0
1686,FLYALALLL,positive,5,0.8239503,1.0
763,GILGFVFTL,10x,5,0.63840693,0.0
6790,KTWGQYWQV,swapped_5792,5,0.42761835,0.0
3995,NLVPMVATV,swapped_3055,5,7.031518e-06,0.0
933,GILGFVFTL,10x,5,0.594163,0.0
5308,NLVPMVATV,10x,5,0.038907472,0.0
4228,GILGFVFTL,positive,5,0.7509122,1.0
2237,GILGFVFTL,10x,5,0.234237,0.0
2255,GILGFVFTL,10x,5,0.60618585,0.0
3927,FLYALALLL,swapped_2923,5,0.021418393,0.0
1289,NLVPMVATV,swapped_187,5,0.0012425972,0.0
6660,GILGFVFTL,swapped_5790,5,0.4207202,0.0
5026,GILGFVFTL,10x,5,0.026514962,0.0
3542,GILGFVFTL,10x,5,0.23929061,0.0
1709,GILGFVFTL,positive,5,0.02324514,1.0
4321,GILGFVFTL,positive,5,0.10017934,1.0
318,GILGFVFTL,positive,5,0.057712108,1.0
5686,RMFPNAPYL,swapped_4295,5,0.0002420627,0.0
3970,GILGFVFTL,swapped_2804,5,0.4516882,0.0
1088,GILGFVFTL,10x,5,0.612612,0.0
2944,NLVPMVATV,positive,5,0.0049870163,1.0
3626,RMFPNAPYL,10x,5,0.44007954,0.0
3430,GLCTLVAML,10x,5,0.029219855,0.0
190,NLVPMVATV,positive,5,0.6084634,1.0
5061,NLVPMVATV,10x,5,0.00056052883,0.0
2938,GILGFVFTL,positive,5,0.25454086,1.0
1554,GILGFVFTL,positive,5,0.0402715,1.0
1671,GILGFVFTL,positive,5,0.03990113,1.0
807,GILGFVFTL,10x,5,0.4792845,0.0
5211,GILGFVFTL,10x,5,0.15573467,0.0
1126,GILGFVFTL,10x,5,0.4491176,0.0
3400,SLLMWITQV,10x,5,0.19809538,0.0
3055,GILGFVFTL,positive,5,0.01221492,1.0
2955,GILGFVFTL,positive,5,0.44041973,1.0
588,NLVPMVATV,10x,5,0.19341306,0.0
4119,GLCTLVAML,swapped_2781,5,0.00044687837,0.0
676,GILGFVFTL,10x,5,0.2393504,0.0
2361,GILGFVFTL,10x,5,0.49865526,0.0
514,GILGFVFTL,10x,5,0.3893761,0.0
1930,NLVPMVATV,10x,5,0.087040715,0.0
4277,GILGFVFTL,positive,5,0.067629,1.0
2257,GILGFVFTL,10x,5,0.39256826,0.0
2398,RMFPNAPYL,10x,5,0.5151094,0.0
2368,GILGFVFTL,10x,5,0.19568223,0.0
6146,NLVPMVATV,10x,5,0.004936755,0.0
2831,GILGFVFTL,positive,5,0.010871145,1.0
3581,NLVPMVATV,10x,5,0.055232443,0.0
3598,GILGFVFTL,10x,5,0.5699355,0.0
1876,GILGFVFTL,10x,5,0.564007,0.0
2817,GILGFVFTL,positive,5,0.029488599,1.0
5795,GILGFVFTL,positive,5,0.08747875,1.0
3104,RTLNAWVKV,10x,5,0.5012202,0.0
1242,RTLNAWVKV,swapped_89,5,0.00026462838,0.0
5182,GILGFVFTL,10x,5,0.5633866,0.0
4143,LLFGYPVYV,swapped_2828,5,0.3028956,0.0
3022,GILGFVFTL,positive,5,0.45299077,1.0
5223,GILGFVFTL,10x,5,0.5733213,0.0
3775,GILGFVFTL,10x,5,0.40789554,0.0
3219,GILGFVFTL,10x,5,0.029121077,0.0
4641,GILGFVFTL,10x,5,0.30378067,0.0
795,GLCTLVAML,10x,5,0.32847834,0.0
1276,GLCTLVAML,swapped_155,5,6.925531e-05,0.0
5728,KTWGQYWQV,positive,5,0.28464678,1.0
704,GLCTLVAML,10x,5,0.38596267,0.0
6037,GILGFVFTL,10x,5,0.01899262,0.0
2231,RTLNAWVKV,10x,5,0.15136744,0.0
3333,FLYALALLL,10x,5,0.0033754027,0.0
3493,GLCTLVAML,10x,5,0.034813546,0.0
2296,GLCTLVAML,10x,5,0.00072033325,0.0
4624,GILGFVFTL,10x,5,0.3730166,0.0
2979,GILGFVFTL,positive,5,0.0158628,1.0
5469,NLVPMVATV,swapped_4350,5,2.266874e-05,0.0
4163,NLVPMVATV,swapped_2801,5,0.00045375264,0.0
3152,NLVPMVATV,10x,5,0.0001330394,0.0
2974,GILGFVFTL,positive,5,0.1391276,1.0
193,GILGFVFTL,positive,5,0.6646568,1.0
5418,NLVPMVATV,swapped_4521,5,6.489269e-05,0.0
6040,GILGFVFTL,10x,5,0.5705979,0.0
3922,NLVPMVATV,swapped_2938,5,0.0013400473,0.0
1117,GILGFVFTL,10x,5,0.13302946,0.0
47,GILGFVFTL,positive,5,0.43800363,1.0
2730,KTWGQYWQV,positive,5,0.773787,1.0
3798,GILGFVFTL,10x,5,0.19489555,0.0
4381,GILGFVFTL,positive,5,0.009609361,1.0
2468,NLVPMVATV,swapped_1627,5,1.4180488e-05,0.0
3829,LLFGYPVYV,swapped_3051,5,0.0011998198,0.0
1039,NLVPMVATV,10x,5,6.0832706e-05,0.0
4354,GILGFVFTL,positive,5,0.02640721,1.0
6216,GILGFVFTL,10x,5,0.10999348,0.0
4115,NLVPMVATV,swapped_2827,5,0.018734803,0.0
5666,NLVPMVATV,swapped_4311,5,0.07109615,0.0
1629,GILGFVFTL,positive,5,0.08398311,1.0
2209,NLVPMVATV,10x,5,0.20442848,0.0
5816,NLVPMVATV,positive,5,0.17308202,1.0
4731,GLCTLVAML,10x,5,0.020414293,0.0
1279,GLCTLVAML,swapped_34,5,0.00048676506,0.0
869,GILGFVFTL,10x,5,0.547112,0.0
5347,GILGFVFTL,swapped_4236,5,0.586715,0.0
4687,RTLNAWVKV,10x,5,0.30119073,0.0
5650,NLVPMVATV,swapped_4499,5,2.9096673e-05,0.0
5424,NLVPMVATV,swapped_4267,5,3.058466e-05,0.0
6865,GILGFVFTL,swapped_5776,5,0.57000834,0.0
1283,GLCTLVAML,swapped_145,5,0.00019667823,0.0
5624,GLCTLVAML,swapped_4290,5,0.09375262,0.0
3639,GILGFVFTL,10x,5,0.56317574,0.0
3791,GILGFVFTL,10x,5,0.52691936,0.0
1862,GILGFVFTL,10x,5,0.32086688,0.0
593,FLYALALLL,10x,5,0.9096449,0.0
2199,GLCTLVAML,10x,5,0.0028929035,0.0
229,GILGFVFTL,positive,5,0.041119166,1.0
4252,GILGFVFTL,positive,5,0.031699438,1.0
5288,GILGFVFTL,10x,5,0.5541266,0.0
5314,RTLNAWVKV,10x,5,0.0043992796,0.0
1490,GILGFVFTL,swapped_169,5,0.14317337,0.0
6635,GILGFVFTL,swapped_5740,5,0.32249394,0.0
627,GLCTLVAML,10x,5,0.025701309,0.0
1834,GILGFVFTL,10x,5,0.7445266,0.0
451,GILGFVFTL,10x,5,0.20694867,0.0
2107,GILGFVFTL,10x,5,0.5111848,0.0
5979,GILGFVFTL,positive,5,0.038734548,1.0
6236,NLVPMVATV,10x,5,0.19028552,0.0
6657,NLVPMVATV,swapped_5981,5,0.037937302,0.0
1056,GLCTLVAML,10x,5,0.06628485,0.0
1179,GILGFVFTL,swapped_132,5,0.17237142,0.0
5697,GLCTLVAML,swapped_4538,5,0.7738148,0.0
2578,GILGFVFTL,swapped_1675,5,0.6194309,0.0
5536,GILGFVFTL,swapped_4367,5,0.4133487,0.0
341,GILGFVFTL,positive,5,0.50577444,1.0
1788,GILGFVFTL,positive,5,0.19070528,1.0
1370,KVAELVHFL,swapped_323,5,0.54158103,0.0
2407,RTLNAWVKV,swapped_1677,5,0.009260739,0.0
119,GILGFVFTL,positive,5,0.055706818,1.0
6247,GILGFVFTL,10x,5,0.21658829,0.0
1875,GILGFVFTL,10x,5,0.65155697,0.0
1672,GILGFVFTL,positive,5,0.017176202,1.0
1759,FLYALALLL,positive,5,0.031542875,1.0
4435,GILGFVFTL,positive,5,0.48895815,1.0
4522,GILGFVFTL,positive,5,0.05006584,1.0
2446,GILGFVFTL,swapped_1552,5,0.58376515,0.0
1739,GLCTLVAML,positive,5,0.9938857,1.0
5057,GILGFVFTL,10x,5,0.41414836,0.0
6827,GLCTLVAML,swapped_5769,5,0.00082608557,0.0
1902,GILGFVFTL,10x,5,0.1100969,0.0
4034,NLVPMVATV,swapped_2817,5,2.5108082e-05,0.0
3665,GILGFVFTL,10x,5,0.26840973,0.0
1802,GILGFVFTL,positive,5,0.11962598,1.0
3523,GILGFVFTL,10x,5,0.5811197,0.0
4413,GILGFVFTL,positive,5,0.09916881,1.0
1390,GILGFVFTL,swapped_273,5,0.7663442,0.0
2662,YLLEMLWRL,swapped_1554,5,0.0010192362,0.0
1736,NLVPMVATV,positive,5,0.91523516,1.0
2035,LLFGYPVYV,10x,5,0.20341231,0.0
2497,FLYALALLL,swapped_1590,5,2.2600187e-05,0.0
6366,GILGFVFTL,10x,5,0.45513383,0.0
6327,NLVPMVATV,10x,5,0.2256883,0.0
1420,GILGFVFTL,swapped_171,5,0.3977764,0.0
3813,GILGFVFTL,swapped_2730,5,0.742858,0.0
6771,GILGFVFTL,swapped_5876,5,0.6199861,0.0
2505,NLVPMVATV,swapped_1690,5,0.9549231,0.0
1121,NLVPMVATV,10x,5,0.020199873,0.0
1693,GILGFVFTL,positive,5,0.058570266,1.0
4566,GILGFVFTL,10x,5,0.68053627,0.0
4666,GILGFVFTL,10x,5,0.19901498,0.0
3725,GILGFVFTL,10x,5,0.59896183,0.0
3419,GILGFVFTL,10x,5,0.1010424,0.0
6153,GILGFVFTL,10x,5,0.59246737,0.0
3765,GILGFVFTL,10x,5,0.48607874,0.0
2524,GILGFVFTL,swapped_1723,5,0.16165788,0.0
3773,GILGFVFTL,10x,5,0.17693707,0.0
4003,GLCTLVAML,swapped_2884,5,0.012635023,0.0
4029,FLYALALLL,swapped_3022,5,0.13432364,0.0
3901,MLDLQPETT,swapped_2832,5,8.791173e-05,0.0
2725,GILGFVFTL,positive,5,0.030024352,1.0
5306,GILGFVFTL,10x,5,0.43123814,0.0
5109,NLVPMVATV,10x,5,0.019358464,0.0
4873,NLVPMVATV,10x,5,0.04037523,0.0
5525,GLCTLVAML,swapped_4316,5,0.013359358,0.0
5614,GILGFVFTL,swapped_4439,5,0.4655552,0.0
1846,NLVPMVATV,10x,5,0.62181115,0.0
1188,RTLNAWVKV,swapped_308,5,0.00043982654,0.0
911,GILGFVFTL,10x,5,0.53792983,0.0
4273,GILGFVFTL,positive,5,0.015101224,1.0
1087,GILGFVFTL,10x,5,0.59003973,0.0
256,GILGFVFTL,positive,5,0.028210672,1.0
5970,NLVPMVATV,positive,5,0.31394947,1.0
485,GILGFVFTL,10x,5,0.5922756,0.0
3932,GILGFVFTL,swapped_2876,5,0.11315807,0.0
1020,GILGFVFTL,10x,5,0.3242167,0.0
4869,GILGFVFTL,10x,5,0.052077383,0.0
166,GLCTLVAML,positive,5,0.78523475,1.0
4962,GILGFVFTL,10x,5,0.33470723,0.0
1001,GILGFVFTL,10x,5,0.5538242,0.0
785,GLCTLVAML,10x,5,0.017572535,0.0
3657,GILGFVFTL,10x,5,0.15800443,0.0
5062,GILGFVFTL,10x,5,0.07007012,0.0
1204,GILGFVFTL,swapped_190,5,0.54296654,0.0
4040,GLCTLVAML,swapped_2794,5,0.0023588336,0.0
1078,SLLMWITQV,10x,5,0.7698647,0.0
2515,NLVPMVATV,swapped_1727,5,1.4567617e-05,0.0
4160,GILGFVFTL,swapped_2948,5,0.17342499,0.0
1742,GILGFVFTL,positive,5,0.021968776,1.0
3280,NLVPMVATV,10x,5,0.5836102,0.0
6455,GILGFVFTL,10x,5,0.6296975,0.0
1297,GILGFVFTL,swapped_330,5,0.30183303,0.0
1233,GLCTLVAML,swapped_86,5,0.001083423,0.0
1458,NLVPMVATV,swapped_178,5,0.0029099444,0.0
4024,GLCTLVAML,swapped_2955,5,0.3178445,0.0
5071,NLVPMVATV,10x,5,0.0010539201,0.0
1900,NLVPMVATV,10x,5,0.0035310544,0.0
1291,KTWGQYWQV,swapped_49,5,0.494803,0.0
330,LLFGYPVYV,positive,5,0.080463074,1.0
3118,GLCTLVAML,10x,5,0.04662792,0.0
1999,GILGFVFTL,10x,5,0.086218774,0.0
4882,GILGFVFTL,10x,5,0.4680092,0.0
4749,GILGFVFTL,10x,5,0.6124069,0.0
4721,GILGFVFTL,10x,5,0.24227491,0.0
3892,GLCTLVAML,swapped_2793,5,8.621085e-05,0.0
3051,GILGFVFTL,positive,5,0.12243824,1.0
3522,GILGFVFTL,10x,5,0.33713308,0.0
5731,GILGFVFTL,positive,5,0.5586106,1.0
4336,GILGFVFTL,positive,5,0.042624604,1.0
1226,NLVPMVATV,swapped_160,5,0.00025920916,0.0
107,GILGFVFTL,positive,5,0.09613296,1.0
4644,GILGFVFTL,10x,5,0.4563416,0.0
3450,GILGFVFTL,10x,5,0.5984239,0.0
6036,FLYALALLL,10x,5,0.39014822,0.0
3973,LLFGYPVYV,swapped_2792,5,0.00022115876,0.0
3386,GLCTLVAML,10x,5,0.3884304,0.0
6124,GILGFVFTL,10x,5,0.29588756,0.0
2395,GILGFVFTL,10x,5,0.5670325,0.0
1770,NLVPMVATV,positive,5,0.0076077883,1.0
2711,GILGFVFTL,positive,5,0.12252737,1.0
5755,GLCTLVAML,positive,5,0.9182859,1.0
5241,GILGFVFTL,10x,5,0.23833434,0.0
6222,GILGFVFTL,10x,5,0.25341398,0.0
3698,GILGFVFTL,10x,5,0.44104904,0.0
5217,GILGFVFTL,10x,5,0.25792554,0.0
89,GILGFVFTL,positive,5,0.0105000455,1.0
5146,GILGFVFTL,10x,5,0.7024285,0.0
1135,GLCTLVAML,10x,5,0.0047986545,0.0
4898,GILGFVFTL,10x,5,0.099144004,0.0
5903,GILGFVFTL,positive,5,0.14179038,1.0
3910,GLCTLVAML,swapped_2698,5,0.7261978,0.0
5543,RTLNAWVKV,swapped_4257,5,0.1290075,0.0
1595,GILGFVFTL,positive,5,0.38420275,1.0
4795,NLVPMVATV,10x,5,0.9715124,0.0
2348,GILGFVFTL,10x,5,0.56124455,0.0
241,GILGFVFTL,positive,5,0.0078024697,1.0
1399,GLCTLVAML,swapped_151,5,0.0006346684,0.0
949,GILGFVFTL,10x,5,0.16168806,0.0
5989,GLCTLVAML,positive,5,0.48927835,1.0
3603,GILGFVFTL,10x,5,0.5236808,0.0
2823,GILGFVFTL,positive,5,0.008650452,1.0
1428,GLCTLVAML,swapped_331,5,0.0042791124,0.0
6431,GILGFVFTL,10x,5,0.34244633,0.0
5086,GILGFVFTL,10x,5,0.07508524,0.0
454,GILGFVFTL,10x,5,0.40095702,0.0
2866,GILGFVFTL,positive,5,0.43030047,1.0
1171,GLCTLVAML,swapped_348,5,0.0037126318,0.0
2936,GILGFVFTL,positive,5,0.2673145,1.0
551,GILGFVFTL,10x,5,0.14389141,0.0
2508,MLDLQPETT,swapped_1596,5,0.7543416,0.0
1115,GILGFVFTL,10x,5,0.41808003,0.0
5466,GLCTLVAML,swapped_4435,5,0.4525073,0.0
3130,NLVPMVATV,10x,5,0.0054957024,0.0
6320,GILGFVFTL,10x,5,0.7318691,0.0
4201,GILGFVFTL,positive,5,0.8845854,1.0
5038,GILGFVFTL,10x,5,0.5759722,0.0
2788,GILGFVFTL,positive,5,0.07644218,1.0
2876,MLDLQPETT,positive,5,0.009284175,1.0
1503,FLYALALLL,swapped_33,5,0.9988745,0.0
2912,FLYALALLL,positive,5,0.010068592,1.0
2869,GLCTLVAML,positive,5,0.94901496,1.0
6719,GILGFVFTL,swapped_5878,5,0.699175,0.0
3985,KTWGQYWQV,swapped_2945,5,0.22536078,0.0
3622,GILGFVFTL,10x,5,0.048419334,0.0
499,GILGFVFTL,10x,5,0.27082035,0.0
227,GILGFVFTL,positive,5,0.6491366,1.0
3824,GLCTLVAML,swapped_2999,5,0.0012281991,0.0
6687,GILGFVFTL,swapped_5930,5,0.7042349,0.0
5769,GILGFVFTL,positive,5,0.053416733,1.0
1979,GILGFVFTL,10x,5,0.277391,0.0
6031,GILGFVFTL,10x,5,0.66339624,0.0
3641,GILGFVFTL,10x,5,0.5674926,0.0
1085,NLVPMVATV,10x,5,0.3645812,0.0
393,GLCTLVAML,10x,5,0.6680543,0.0
4153,GLCTLVAML,swapped_2783,5,4.3149626e-05,0.0
849,GILGFVFTL,10x,5,0.63168883,0.0
5532,GLCTLVAML,swapped_4509,5,0.0057548913,0.0
6575,GILGFVFTL,10x,5,0.061348103,0.0
1713,GILGFVFTL,positive,5,0.02779128,1.0
4850,GILGFVFTL,10x,5,0.19589694,0.0
1060,GILGFVFTL,10x,5,0.5406081,0.0
1679,GILGFVFTL,positive,5,0.053130124,1.0
4031,FLYALALLL,swapped_2943,5,8.0352174e-07,0.0
3743,GILGFVFTL,10x,5,0.36515024,0.0
2247,GILGFVFTL,10x,5,0.37063038,0.0
2600,NLVPMVATV,swapped_1629,5,0.0010747152,0.0
33,GLCTLVAML,positive,5,0.99785584,1.0
2110,LLFGYPVYV,10x,5,0.066294044,0.0
6244,GILGFVFTL,10x,5,0.2981925,0.0
5067,GILGFVFTL,10x,5,0.5849641,0.0
2203,GILGFVFTL,10x,5,0.17282735,0.0
2024,GILGFVFTL,10x,5,0.5007955,0.0
3100,GILGFVFTL,10x,5,0.456627,0.0
6309,GLCTLVAML,10x,5,0.055113778,0.0
6904,GILGFVFTL,swapped_5737,5,0.98528975,0.0
3751,NLVPMVATV,10x,5,0.5132377,0.0
3383,GILGFVFTL,10x,5,0.18339512,0.0
6441,GLCTLVAML,10x,5,0.01668903,0.0
4186,GILGFVFTL,positive,5,0.57599676,1.0
4295,GILGFVFTL,positive,5,0.026378613,1.0
3312,GILGFVFTL,10x,5,0.013071412,0.0
160,GILGFVFTL,positive,5,0.065603554,1.0
3031,GILGFVFTL,positive,5,0.09400684,1.0
2253,GILGFVFTL,10x,5,0.7165638,0.0
6306,GILGFVFTL,10x,5,0.3862005,0.0
3823,GLCTLVAML,swapped_2731,5,2.5561783e-05,0.0
6100,GILGFVFTL,10x,5,0.24561118,0.0
2122,GILGFVFTL,10x,5,0.25053665,0.0
5216,GILGFVFTL,10x,5,0.64427793,0.0
6128,GILGFVFTL,10x,5,0.39947602,0.0
6609,GILGFVFTL,10x,5,0.027207945,0.0
3538,GILGFVFTL,10x,5,0.4259345,0.0
1777,NLVPMVATV,positive,5,0.012171375,1.0
344,GLCTLVAML,positive,5,0.98521936,1.0
3998,GILGFVFTL,swapped_2944,5,0.12706311,0.0
5776,GLCTLVAML,positive,5,0.3517189,1.0
5132,GILGFVFTL,10x,5,0.40100402,0.0
5937,GILGFVFTL,positive,5,0.03575163,1.0
5668,GLCTLVAML,swapped_4381,5,2.0071324e-05,0.0
1702,GILGFVFTL,positive,5,0.013376792,1.0
1700,GILGFVFTL,positive,5,0.3193972,1.0
3882,GLCTLVAML,swapped_2895,5,4.2132546e-05,0.0
1014,GILGFVFTL,10x,5,0.5691431,0.0
4584,YLLEMLWRL,10x,5,0.2722425,0.0
2693,GILGFVFTL,swapped_1759,5,0.52020174,0.0
5732,GILGFVFTL,positive,5,0.07176892,1.0
1225,LLFGYPVYV,swapped_41,5,0.0054229866,0.0
5292,GILGFVFTL,10x,5,0.23958783,0.0
1675,FLYALALLL,positive,5,0.8808022,1.0
2827,GILGFVFTL,positive,5,0.23202673,1.0
3647,NLVPMVATV,10x,5,0.024386413,0.0
1510,YLLEMLWRL,swapped_137,5,0.35106194,0.0
539,GILGFVFTL,10x,5,0.22427802,0.0
3253,GILGFVFTL,10x,5,0.10436593,0.0
1339,GLCTLVAML,swapped_354,5,0.00049599697,0.0
251,RMFPNAPYL,positive,5,0.059770785,1.0
6177,GILGFVFTL,10x,5,0.36343864,0.0
2588,GILGFVFTL,swapped_1739,5,0.9766027,0.0
5664,GLCTLVAML,swapped_4546,5,1.483834e-05,0.0
4703,NLVPMVATV,10x,5,0.100971736,0.0
6639,GLCTLVAML,swapped_5732,5,0.00029294522,0.0
6082,GILGFVFTL,10x,5,0.4830745,0.0
1820,GILGFVFTL,10x,5,0.655967,0.0
3569,GILGFVFTL,10x,5,0.4297285,0.0
975,GILGFVFTL,10x,5,0.52225834,0.0
1075,GILGFVFTL,10x,5,0.41434786,0.0
3044,GILGFVFTL,positive,5,0.035547886,1.0
4141,NLVPMVATV,swapped_2962,5,3.192961e-05,0.0
2170,GILGFVFTL,10x,5,0.1144733,0.0
3705,FLYALALLL,10x,5,0.012686356,0.0
5974,GILGFVFTL,positive,5,0.35870752,1.0
6773,NLVPMVATV,swapped_5871,5,0.00040020476,0.0
542,GILGFVFTL,10x,5,0.32108378,0.0
4180,GILGFVFTL,positive,5,0.01927761,1.0
4243,GILGFVFTL,positive,5,0.084402375,1.0
3067,GILGFVFTL,10x,5,0.7129536,0.0
6796,GILGFVFTL,swapped_5989,5,0.5061489,0.0
1966,GILGFVFTL,10x,5,0.30140638,0.0
5588,GILGFVFTL,swapped_4427,5,0.6606603,0.0
6437,GILGFVFTL,10x,5,0.1775564,0.0
6233,GILGFVFTL,10x,5,0.42757887,0.0
5401,NLVPMVATV,swapped_4413,5,9.958282e-05,0.0
3215,GILGFVFTL,10x,5,0.23364472,0.0
2045,GILGFVFTL,10x,5,0.4018533,0.0
2518,GILGFVFTL,swapped_1809,5,0.6404008,0.0
4670,GILGFVFTL,10x,5,0.021412013,0.0
5456,NLVPMVATV,swapped_4180,5,1.3444237e-05,0.0
1170,GLCTLVAML,swapped_193,5,0.32086575,0.0
2695,GILGFVFTL,positive,5,0.22085865,1.0
6802,MLDLQPETT,swapped_5979,5,0.0004328212,0.0
6889,YLLEMLWRL,swapped_5969,5,0.011751205,0.0
825,GILGFVFTL,10x,5,0.28324425,0.0
1519,FLYALALLL,swapped_203,5,0.4302853,0.0
491,NLVPMVATV,10x,5,0.7525967,0.0
3405,GILGFVFTL,10x,5,0.6819963,0.0
49,GLCTLVAML,positive,5,0.43298,1.0
5935,GILGFVFTL,positive,5,0.657649,1.0
6345,GLCTLVAML,10x,5,0.8518173,0.0
2846,GILGFVFTL,positive,5,0.015727872,1.0
2094,GLCTLVAML,10x,5,0.005150951,0.0
3594,GILGFVFTL,10x,5,0.5062002,0.0
6692,NLVPMVATV,swapped_5903,5,0.00082965556,0.0
1329,NLVPMVATV,swapped_55,5,0.83448577,0.0
435,YLLEMLWRL,10x,5,0.21131217,0.0
4919,GILGFVFTL,10x,5,0.58366704,0.0
675,GILGFVFTL,10x,5,0.15734287,0.0
4238,SLLMWITQV,positive,5,0.4481587,1.0
2933,GILGFVFTL,positive,5,0.111446686,1.0
1387,NLVPMVATV,swapped_96,5,0.39210907,0.0
5520,MLDLQPETT,swapped_4243,5,0.00047559311,0.0
1302,LLFGYPVYV,swapped_227,5,0.21621147,0.0
754,GILGFVFTL,10x,5,0.41656443,0.0
4874,GILGFVFTL,10x,5,0.56690943,0.0
6021,LLFGYPVYV,10x,5,0.5467873,0.0
3019,GILGFVFTL,positive,5,0.01095161,1.0
696,GLCTLVAML,10x,5,0.3477912,0.0
3486,GILGFVFTL,10x,5,0.4646699,0.0
1318,GLCTLVAML,swapped_24,5,3.756294e-05,0.0
2443,SLLMWITQV,swapped_1700,5,0.015885402,0.0
460,GLCTLVAML,10x,5,0.63555264,0.0
2213,GILGFVFTL,10x,5,0.22971316,0.0
634,GILGFVFTL,10x,5,0.297014,0.0
4645,GLCTLVAML,10x,5,0.09818415,0.0
3440,GILGFVFTL,10x,5,0.57126904,0.0
191,GILGFVFTL,positive,5,0.52927774,1.0
613,GILGFVFTL,10x,5,0.5137485,0.0
2958,GLCTLVAML,positive,5,0.6775041,1.0
3575,GLCTLVAML,10x,5,0.06859069,0.0
273,NLVPMVATV,positive,5,0.9485134,1.0
2783,GILGFVFTL,positive,5,0.006789514,1.0
6465,GLCTLVAML,10x,5,0.71713334,0.0
3240,GILGFVFTL,10x,5,0.39835083,0.0
1960,GILGFVFTL,10x,5,0.2622624,0.0
4555,GILGFVFTL,positive,5,0.4608214,1.0
2670,GLCTLVAML,swapped_1623,5,0.0004521152,0.0
247,GILGFVFTL,positive,5,0.4285564,1.0
5243,MLDLQPETT,10x,5,0.16173986,0.0
3361,GLCTLVAML,10x,5,0.30402064,0.0
5312,GLCTLVAML,10x,5,0.037181552,0.0
6147,GILGFVFTL,10x,5,0.2529806,0.0
5441,FLYALALLL,swapped_4424,5,3.7576592e-05,0.0
2746,GILGFVFTL,positive,5,0.2312777,1.0
3098,GILGFVFTL,10x,5,0.106138825,0.0
2147,GILGFVFTL,10x,5,0.4607502,0.0
2381,NLVPMVATV,10x,5,0.9253917,0.0
6265,GLCTLVAML,10x,5,0.04871986,0.0
2989,GILGFVFTL,positive,5,0.014721668,1.0
5029,NLVPMVATV,10x,5,0.5648587,0.0
3969,GLCTLVAML,swapped_2846,5,2.708668e-05,0.0
1522,LLFGYPVYV,swapped_186,5,0.25770164,0.0
45,GILGFVFTL,positive,5,0.051014297,1.0
864,GILGFVFTL,10x,5,0.09253879,0.0
2512,NLVPMVATV,swapped_1766,5,0.0022628058,0.0
5432,RTLNAWVKV,swapped_4515,5,0.015840009,0.0
5398,GILGFVFTL,swapped_4268,5,0.9843843,0.0
5028,GILGFVFTL,10x,5,0.47040468,0.0
987,NLVPMVATV,10x,5,0.09328926,0.0
925,NLVPMVATV,10x,5,0.0043739416,0.0
5233,GILGFVFTL,10x,5,0.55938816,0.0
3271,GILGFVFTL,10x,5,0.37597573,0.0
5042,GILGFVFTL,10x,5,0.18072735,0.0
2860,GILGFVFTL,positive,5,0.08219445,1.0
2888,GILGFVFTL,positive,5,0.41712728,1.0
855,GILGFVFTL,10x,5,0.050649516,0.0
4951,KTWGQYWQV,10x,5,0.4737963,0.0
5040,GLCTLVAML,10x,5,0.02693471,0.0
5294,GILGFVFTL,10x,5,0.059413828,0.0
3884,NLVPMVATV,swapped_2992,5,0.0009720155,0.0
1911,GILGFVFTL,10x,5,0.18675347,0.0
5529,RTLNAWVKV,swapped_4321,5,0.0012254262,0.0
2853,GILGFVFTL,positive,5,0.020579912,1.0
2793,GILGFVFTL,positive,5,0.05725013,1.0
1337,GILGFVFTL,swapped_156,5,0.7955567,0.0
1220,NLVPMVATV,swapped_196,5,0.06747225,0.0
65,NLVPMVATV,positive,5,0.041581374,1.0
936,GILGFVFTL,10x,5,0.5440269,0.0
1243,RTLNAWVKV,swapped_320,5,0.009053638,0.0
437,GILGFVFTL,10x,5,0.4574858,0.0
5930,NLVPMVATV,positive,5,0.8018116,1.0
6668,GLCTLVAML,swapped_5862,5,0.58463544,0.0
58,GILGFVFTL,positive,5,0.059632942,1.0
457,GILGFVFTL,10x,5,0.26813668,0.0
2459,GLCTLVAML,swapped_1790,5,0.071612515,0.0
2451,KTWGQYWQV,swapped_1720,5,0.530977,0.0
3157,GILGFVFTL,10x,5,0.46947157,0.0
257,GILGFVFTL,positive,5,0.026435101,1.0
931,MLDLQPETT,10x,5,0.029639151,0.0
5186,LLFGYPVYV,10x,5,0.32443315,0.0
3084,GLCTLVAML,10x,5,0.4985828,0.0
424,GLCTLVAML,10x,5,0.050701804,0.0
5630,GLCTLVAML,swapped_4215,5,0.0012462812,0.0
1319,GLCTLVAML,swapped_251,5,0.013784794,0.0
2577,NLVPMVATV,swapped_1802,5,0.0009765686,0.0
6443,GILGFVFTL,10x,5,0.4633522,0.0
1205,GLCTLVAML,swapped_369,5,0.00039335692,0.0
6363,GILGFVFTL,10x,5,0.56293684,0.0
1118,GILGFVFTL,10x,5,0.714493,0.0
6183,GLCTLVAML,10x,5,0.00049576623,0.0
3825,GLCTLVAML,swapped_2695,5,0.016483853,0.0
5637,NLVPMVATV,swapped_4274,5,0.31074673,0.0
2613,LLFGYPVYV,swapped_1679,5,0.0017446148,0.0
4599,GLCTLVAML,10x,5,0.808001,0.0
4431,NLVPMVATV,positive,5,0.007450534,1.0
3741,GLCTLVAML,10x,5,0.0039931014,0.0
6436,GILGFVFTL,10x,5,0.74243176,0.0
4315,GILGFVFTL,positive,5,0.5664695,1.0
4004,IMDQVPFSV,swapped_3031,5,0.00047804086,0.0
601,GILGFVFTL,10x,5,0.52918696,0.0
249,GILGFVFTL,positive,5,0.07734836,1.0
3685,GILGFVFTL,10x,5,0.3917537,0.0
564,GILGFVFTL,10x,5,0.11070993,0.0
1825,GLCTLVAML,10x,5,0.8631701,0.0
2088,GILGFVFTL,10x,5,0.67611384,0.0
6149,GILGFVFTL,10x,5,0.1970883,0.0
5192,GILGFVFTL,10x,5,0.5938122,0.0
531,NLVPMVATV,10x,5,0.67088073,0.0
2319,NLVPMVATV,10x,5,0.014327505,0.0
4292,GILGFVFTL,positive,5,0.030613527,1.0
6152,GILGFVFTL,10x,5,0.22330871,0.0
186,FLYALALLL,positive,5,0.09660223,1.0
5231,GLCTLVAML,10x,5,0.94717747,0.0
5385,GILGFVFTL,swapped_4199,5,0.73027587,0.0
4390,GILGFVFTL,positive,5,0.109965384,1.0
1991,GILGFVFTL,10x,5,0.1375973,0.0
5176,GILGFVFTL,10x,5,0.5081743,0.0
1737,NLVPMVATV,positive,5,0.27018675,1.0
1843,GILGFVFTL,10x,5,0.40325543,0.0
4662,GILGFVFTL,10x,5,0.15313876,0.0
6167,RTLNAWVKV,10x,5,0.70617515,0.0
1884,GILGFVFTL,10x,5,0.48819724,0.0
968,GILGFVFTL,10x,5,0.53317875,0.0
4536,FLYALALLL,positive,5,0.7768186,1.0
6571,GILGFVFTL,10x,5,0.55734146,0.0
3041,GLCTLVAML,positive,5,0.91873133,1.0
3893,NLVPMVATV,swapped_2933,5,0.0048178528,0.0
5249,RTLNAWVKV,10x,5,0.073361404,0.0
111,GILGFVFTL,positive,5,0.25856322,1.0
1446,KVAELVHFL,swapped_318,5,0.00056174985,0.0
6076,RMFPNAPYL,10x,5,0.094319396,0.0
5430,NLVPMVATV,swapped_4356,5,9.323915e-05,0.0
963,RTLNAWVKV,10x,5,0.2640256,0.0
1963,GLCTLVAML,10x,5,0.051193267,0.0
3394,GLCTLVAML,10x,5,0.45289597,0.0
6725,NLVPMVATV,swapped_5728,5,0.08948881,0.0
6291,GILGFVFTL,10x,5,0.4967438,0.0
272,GILGFVFTL,positive,5,0.040910963,1.0
2898,SLFNTVATL,positive,5,0.9327788,1.0
3339,GILGFVFTL,10x,5,0.32790196,0.0
6812,GLCTLVAML,swapped_5748,5,0.004275857,0.0
5197,GILGFVFTL,10x,5,0.40545642,0.0
2852,GLCTLVAML,positive,5,0.99612147,1.0
2945,GILGFVFTL,positive,5,0.54399294,1.0
5278,GILGFVFTL,10x,5,0.42515314,0.0
483,GILGFVFTL,10x,5,0.6160878,0.0
4267,GILGFVFTL,positive,5,0.026578218,1.0
505,NLVPMVATV,10x,5,0.54296654,0.0
3856,NLVPMVATV,swapped_2725,5,0.0002131457,0.0
2808,GILGFVFTL,positive,5,0.005340413,1.0
1773,GILGFVFTL,positive,5,0.6050378,1.0
6764,FLYALALLL,swapped_5860,5,5.57045e-05,0.0
5191,GLCTLVAML,10x,5,0.698183,0.0
2032,GILGFVFTL,10x,5,0.29532814,0.0
1364,GLCTLVAML,swapped_111,5,0.006886849,0.0
2828,FLYALALLL,positive,5,0.092696704,1.0
5108,GILGFVFTL,10x,5,0.2410504,0.0
5629,GLCTLVAML,swapped_4536,5,0.7787483,0.0
556,GILGFVFTL,10x,5,0.3185506,0.0
5932,GILGFVFTL,positive,5,0.23212352,1.0
145,GILGFVFTL,positive,5,0.0069380924,1.0
3368,LLFGYPVYV,10x,5,0.15094581,0.0
2372,LLFGYPVYV,10x,5,0.2766872,0.0
6510,GLCTLVAML,10x,5,0.0024239167,0.0
4342,GLCTLVAML,positive,5,0.9884863,1.0
4858,GILGFVFTL,10x,5,0.6884996,0.0
369,GILGFVFTL,positive,5,0.031254463,1.0
4661,GILGFVFTL,10x,5,0.17454113,0.0
4886,GILGFVFTL,10x,5,0.33107087,0.0
741,GILGFVFTL,10x,5,0.46591356,0.0
2467,GLCTLVAML,swapped_1742,5,3.2326065e-05,0.0
3732,GILGFVFTL,10x,5,0.3828519,0.0
1623,GILGFVFTL,positive,5,0.037434243,1.0
4485,GILGFVFTL,positive,5,0.7136045,1.0
418,GLCTLVAML,10x,5,0.6935837,0.0
6741,NLVPMVATV,swapped_5760,5,6.6914174e-05,0.0
5597,GILGFVFTL,swapped_4464,5,0.3431788,0.0
2116,GILGFVFTL,10x,5,0.31483632,0.0
4580,GILGFVFTL,10x,5,0.3649533,0.0
4754,GLCTLVAML,10x,5,0.0050442386,0.0
5115,GILGFVFTL,10x,5,0.5058003,0.0
2799,GILGFVFTL,positive,5,0.021870244,1.0
4350,GILGFVFTL,positive,5,0.024807118,1.0
3870,LLFGYPVYV,swapped_2916,5,1.629352e-05,0.0
1310,FLYALALLL,swapped_283,5,0.017708492,0.0
1776,GILGFVFTL,positive,5,0.853616,1.0
1145,GLCTLVAML,swapped_336,5,3.385186e-05,0.0
2509,GILGFVFTL,swapped_1736,5,0.79018545,0.0
5102,GILGFVFTL,10x,5,0.79141957,0.0
3887,SLFNTVATL,swapped_2860,5,0.00017733901,0.0
1949,GILGFVFTL,10x,5,0.25940213,0.0
1389,GILGFVFTL,swapped_18,5,0.98507637,0.0
3294,GILGFVFTL,10x,5,0.328573,0.0
2189,GILGFVFTL,10x,5,0.049008347,0.0
1250,GLCTLVAML,swapped_312,5,0.00014514085,0.0
2635,RTLNAWVKV,swapped_1800,5,0.043764375,0.0
1919,GILGFVFTL,10x,5,0.5522998,0.0
6700,GLCTLVAML,swapped_5965,5,3.670872e-05,0.0
5128,CLGGLLTMV,10x,5,0.52048016,0.0
622,KTWGQYWQV,10x,5,0.017186427,0.0
392,GILGFVFTL,10x,5,0.80603975,0.0
6261,GILGFVFTL,10x,5,0.22647521,0.0
690,SLFNTVATL,10x,5,0.013160301,0.0
3272,GILGFVFTL,10x,5,0.47286877,0.0
5981,GILGFVFTL,positive,5,0.3582927,1.0
6280,GILGFVFTL,10x,5,0.43230495,0.0
5208,GILGFVFTL,10x,5,0.08011923,0.0
3911,GLCTLVAML,swapped_2979,5,1.3510441e-05,0.0
1625,GILGFVFTL,positive,5,0.26532578,1.0
2036,RTLNAWVKV,10x,5,0.041645173,0.0
5181,GILGFVFTL,10x,5,0.48006094,0.0
5178,GILGFVFTL,10x,5,0.5356415,0.0
2026,GILGFVFTL,10x,5,0.13571872,0.0
4118,GLCTLVAML,swapped_2866,5,0.2304112,0.0
156,NLVPMVATV,positive,5,0.9426378,1.0
1093,GILGFVFTL,10x,5,0.1067064,0.0
662,GILGFVFTL,10x,5,0.56929576,0.0
5405,GILGFVFTL,swapped_4505,5,0.8706063,0.0
3189,GILGFVFTL,10x,5,0.4086396,0.0
5606,GILGFVFTL,swapped_4471,5,0.470989,0.0
4356,GILGFVFTL,positive,5,0.046268605,1.0
709,GILGFVFTL,10x,5,0.6664144,0.0
1347,LLFGYPVYV,swapped_256,5,0.00055846927,0.0
3930,GLCTLVAML,swapped_2807,5,0.39001152,0.0
2482,GLCTLVAML,swapped_1624,5,0.047748856,0.0
24,GILGFVFTL,positive,5,0.017626371,1.0
4019,NLVPMVATV,swapped_2830,5,0.046280306,0.0
5945,GILGFVFTL,positive,5,0.0670229,1.0
6770,NLVPMVATV,swapped_5932,5,0.0078099305,0.0
6445,GILGFVFTL,10x,5,0.3909609,0.0
3376,GILGFVFTL,10x,5,0.18262099,0.0
4512,GLCTLVAML,positive,5,0.7269886,1.0
3678,GILGFVFTL,10x,5,0.04026648,0.0
293,GILGFVFTL,positive,5,0.06826151,1.0
3255,GILGFVFTL,10x,5,0.22991543,0.0
6762,KTWGQYWQV,swapped_5868,5,0.0022783503,0.0
883,GILGFVFTL,10x,5,0.29773864,0.0
35,GILGFVFTL,positive,5,0.7030722,1.0
1084,IMDQVPFSV,10x,5,0.0681889,0.0
5875,GILGFVFTL,positive,5,0.31638634,1.0
3671,GILGFVFTL,10x,5,0.16049294,0.0
421,LLFGYPVYV,10x,5,0.45883507,0.0
6243,GILGFVFTL,10x,5,0.28662348,0.0
646,GILGFVFTL,10x,5,0.9627417,0.0
6052,NLVPMVATV,10x,5,0.033757217,0.0
4705,GILGFVFTL,10x,5,0.46348748,0.0
3151,GILGFVFTL,10x,5,0.1757379,0.0
42,GILGFVFTL,positive,5,0.14516954,1.0
3869,NLVPMVATV,swapped_2989,5,6.1928126e-06,0.0
1564,NLVPMVATV,positive,5,0.93852925,1.0
3155,GILGFVFTL,10x,5,0.5166038,0.0
5660,GILGFVFTL,swapped_4535,5,0.9863919,0.0
1726,GILGFVFTL,positive,5,0.14172553,1.0
812,GILGFVFTL,10x,5,0.6150042,0.0
2992,GILGFVFTL,positive,5,0.108050756,1.0
1069,GILGFVFTL,10x,5,0.07948112,0.0
6481,LLFGYPVYV,10x,5,0.31194296,0.0
6398,NLVPMVATV,10x,5,0.00042135132,0.0
3225,GILGFVFTL,10x,5,0.2945708,0.0
6151,GILGFVFTL,10x,5,0.54752374,0.0
5860,GILGFVFTL,positive,5,0.035614934,1.0
801,GILGFVFTL,10x,5,0.18923126,0.0
6148,GILGFVFTL,10x,5,0.20756999,0.0
2699,GLCTLVAML,positive,5,0.96777177,1.0
1379,LLFGYPVYV,swapped_341,5,0.38010746,0.0
3624,IMDQVPFSV,10x,5,0.7012082,0.0
1873,MLDLQPETT,10x,5,0.01246565,0.0
3186,NLVPMVATV,10x,5,0.053001683,0.0
1010,GILGFVFTL,10x,5,0.6774241,0.0
4222,GILGFVFTL,positive,5,0.012671982,1.0
309,GILGFVFTL,positive,5,0.07639227,1.0
1322,GILGFVFTL,swapped_344,5,0.9399994,0.0
6788,LLFGYPVYV,swapped_6004,5,0.011930752,0.0
1627,GILGFVFTL,positive,5,0.014621618,1.0
3378,GILGFVFTL,10x,5,0.24331003,0.0
4499,GILGFVFTL,positive,5,0.027905567,1.0
362,GILGFVFTL,positive,5,0.53430206,1.0
2393,GILGFVFTL,10x,5,0.25265312,0.0
5906,GILGFVFTL,positive,5,0.08293737,1.0
4915,GILGFVFTL,10x,5,0.02440137,0.0
6392,GILGFVFTL,10x,5,0.20241757,0.0
3873,MLDLQPETT,swapped_3047,5,0.0010988472,0.0
1147,GILGFVFTL,swapped_22,5,0.49829233,0.0
6534,GILGFVFTL,10x,5,0.3833475,0.0
268,GILGFVFTL,positive,5,0.30422357,1.0
886,GILGFVFTL,10x,5,0.6635466,0.0
6335,GILGFVFTL,10x,5,0.38475716,0.0
3150,GLCTLVAML,10x,5,0.3841239,0.0
1349,RTLNAWVKV,swapped_121,5,0.10110186,0.0
2228,GILGFVFTL,10x,5,0.27354032,0.0
1600,GILGFVFTL,positive,5,0.4843804,1.0
3200,GILGFVFTL,10x,5,0.56514853,0.0
2432,GILGFVFTL,swapped_1714,5,0.52963674,0.0
1704,GLCTLVAML,positive,5,0.8685441,1.0
4760,GILGFVFTL,10x,5,0.32501116,0.0
2529,GLCTLVAML,swapped_1773,5,0.47320724,0.0
4538,GILGFVFTL,positive,5,0.5875801,1.0
1429,MLDLQPETT,swapped_45,5,0.00049109047,0.0
406,GILGFVFTL,10x,5,0.8193841,0.0
3410,GLCTLVAML,10x,5,0.036550723,0.0
2009,GILGFVFTL,10x,5,0.5846173,0.0
4509,GILGFVFTL,positive,5,0.091569334,1.0
3953,NLVPMVATV,swapped_2746,5,0.021135489,0.0
4427,NLVPMVATV,positive,5,0.8917089,1.0
1348,NLVPMVATV,swapped_141,5,0.00021782564,0.0
2309,GILGFVFTL,10x,5,0.16943471,0.0
518,NLVPMVATV,10x,5,0.00054943835,0.0
6319,GILGFVFTL,10x,5,0.5880824,0.0
4619,GILGFVFTL,10x,5,0.358474,0.0
1514,LLFGYPVYV,swapped_229,5,0.0009738601,0.0
1198,LLFGYPVYV,swapped_191,5,0.049495526,0.0
3355,GILGFVFTL,10x,5,0.06878541,0.0
6882,NLVPMVATV,swapped_5722,5,0.0017327804,0.0
2999,GILGFVFTL,positive,5,0.16238308,1.0
5639,NLVPMVATV,swapped_4281,5,0.00010667729,0.0
6221,FLYALALLL,10x,5,0.1851967,0.0
2511,GLCTLVAML,swapped_1672,5,7.108438e-05,0.0
4839,NLVPMVATV,10x,5,0.00019946326,0.0
2973,GILGFVFTL,positive,5,0.01973455,1.0
5674,GILGFVFTL,swapped_4451,5,0.22055852,0.0
5144,GILGFVFTL,10x,5,0.712697,0.0
2851,GILGFVFTL,positive,5,0.3871494,1.0
1403,GLCTLVAML,swapped_235,5,1.4873333e-05,0.0
872,GILGFVFTL,10x,5,0.48499206,0.0
5481,GLCTLVAML,swapped_4485,5,0.89606076,0.0
4328,GILGFVFTL,positive,5,0.015057459,1.0
1498,NLVPMVATV,swapped_60,5,0.08101655,0.0
6400,GILGFVFTL,10x,5,0.2545501,0.0
1990,GILGFVFTL,10x,5,0.7294168,0.0
6303,GILGFVFTL,10x,5,0.483332,0.0
736,GILGFVFTL,10x,5,0.12868752,0.0
6611,FLYALALLL,swapped_5974,5,0.023060678,0.0
3779,GILGFVFTL,10x,5,0.3585399,0.0
4445,GILGFVFTL,positive,5,0.39629453,1.0
2430,GILGFVFTL,swapped_1547,5,0.9763801,0.0
133,GILGFVFTL,positive,5,0.30420998,1.0
1208,GLCTLVAML,swapped_217,5,0.00632721,0.0
5722,GILGFVFTL,positive,5,0.15288536,1.0
2691,NLVPMVATV,swapped_1600,5,0.34522623,0.0
4168,GILGFVFTL,swapped_2897,5,0.31578302,0.0
2683,FLYALALLL,swapped_1693,5,2.9276536e-05,0.0
5871,GILGFVFTL,positive,5,0.095298685,1.0
6898,GLCTLVAML,swapped_5731,5,0.58409333,0.0
3192,GILGFVFTL,10x,5,0.1651996,0.0
1790,NLVPMVATV,positive,5,0.051969938,1.0
4853,GILGFVFTL,10x,5,0.032282397,0.0
2807,GILGFVFTL,positive,5,0.5056965,1.0
1324,MLDLQPETT,swapped_379,5,6.0639086e-05,0.0
6068,GLCTLVAML,10x,5,0.021701377,0.0
5389,NLVPMVATV,swapped_4222,5,5.4945062e-06,0.0
2676,GILGFVFTL,swapped_1737,5,0.49432442,0.0
2884,GILGFVFTL,positive,5,0.18030204,1.0
3116,GILGFVFTL,10x,5,0.027846592,0.0
6083,GILGFVFTL,10x,5,0.6172226,0.0
3796,GILGFVFTL,10x,5,0.30762842,0.0
1981,GLCTLVAML,10x,5,0.0011341793,0.0
2832,GILGFVFTL,positive,5,0.03339571,1.0
2161,GILGFVFTL,10x,5,0.5018047,0.0
5215,MLDLQPETT,10x,5,0.81528586,0.0
5760,GILGFVFTL,positive,5,0.019225081,1.0
3706,GILGFVFTL,10x,5,0.3537139,0.0
6101,GILGFVFTL,10x,5,0.28396875,0.0
1153,NLVPMVATV,swapped_133,5,0.013725146,0.0
2155,GILGFVFTL,10x,5,0.624764,0.0
5513,GLCTLVAML,swapped_4292,5,0.00043250073,0.0
4130,NLVPMVATV,swapped_2761,5,1.2629822e-05,0.0
6844,SLFNTVATL,swapped_5870,5,4.2173026e-05,0.0
3965,GILGFVFTL,swapped_2958,5,0.578567,0.0
400,GILGFVFTL,10x,5,0.3693549,0.0
3845,GLCTLVAML,swapped_2936,5,0.016441636,0.0
6039,GILGFVFTL,10x,5,0.40534872,0.0
5667,GLCTLVAML,swapped_4396,5,0.00067652203,0.0
6063,RTLNAWVKV,10x,5,0.79042804,0.0
1157,GILGFVFTL,swapped_210,5,0.68729585,0.0
5868,GILGFVFTL,positive,5,0.022579785,1.0
5439,RMFPNAPYL,swapped_4365,5,0.20432098,0.0
1914,GILGFVFTL,10x,5,0.5602605,0.0
2525,RMFPNAPYL,swapped_1595,5,0.13413115,0.0
6854,GLCTLVAML,swapped_5935,5,0.18227877,0.0
1313,GLCTLVAML,swapped_352,5,0.020601388,0.0
5465,NLVPMVATV,swapped_4328,5,0.00013108915,0.0
4364,GILGFVFTL,positive,5,0.069584,1.0
2698,GILGFVFTL,positive,5,0.5405383,1.0
4360,GILGFVFTL,positive,5,0.7605169,1.0
4571,GILGFVFTL,10x,5,0.065778315,0.0
3345,GLCTLVAML,10x,5,0.128768,0.0
4205,GILGFVFTL,positive,5,0.23173447,1.0
3920,NLVPMVATV,swapped_3056,5,0.017996209,0.0
5276,GILGFVFTL,10x,5,0.20697951,0.0
2260,GILGFVFTL,10x,5,0.7047101,0.0
5436,IMDQVPFSV,swapped_4374,5,2.386076e-05,0.0
1215,NLVPMVATV,swapped_257,5,0.00023019816,0.0
3992,NLVPMVATV,swapped_2739,5,1.955958e-05,0.0
2798,GILGFVFTL,positive,5,0.08243254,1.0
4646,GILGFVFTL,10x,5,0.60596323,0.0
3826,GLCTLVAML,swapped_2701,5,0.00010486078,0.0
6670,NLVPMVATV,swapped_5946,5,0.0011599312,0.0
4219,GILGFVFTL,positive,5,0.07237699,1.0
1131,GILGFVFTL,10x,5,0.47491124,0.0
2090,GILGFVFTL,10x,5,0.40886799,0.0
2114,GILGFVFTL,10x,5,0.005864029,0.0
3921,NLVPMVATV,swapped_2977,5,8.27884e-06,0.0
2269,GILGFVFTL,10x,5,0.27740276,0.0
1340,GLCTLVAML,swapped_167,5,0.0044930573,0.0
6592,GILGFVFTL,10x,5,0.46659827,0.0
6391,GILGFVFTL,10x,5,0.48703665,0.0
6847,GILGFVFTL,swapped_5816,5,0.4699809,0.0
1946,GLCTLVAML,10x,5,0.8373917,0.0
2464,GLCTLVAML,swapped_1778,5,0.00010918555,0.0
594,FLYALALLL,10x,5,0.37828007,0.0
2173,GILGFVFTL,10x,5,0.4889627,0.0
3489,GILGFVFTL,10x,5,0.5477447,0.0
1944,GILGFVFTL,10x,5,0.5012291,0.0
5641,LLFGYPVYV,swapped_4238,5,0.46870184,0.0
6336,GLCTLVAML,10x,5,0.0021608388,0.0
155,GILGFVFTL,positive,5,0.025413811,1.0
4787,GILGFVFTL,10x,5,0.55023664,0.0
323,GILGFVFTL,positive,5,0.4976233,1.0
1041,GLCTLVAML,10x,5,1.907867e-05,0.0
2591,LLFGYPVYV,swapped_1564,5,0.91361874,0.0
283,GILGFVFTL,positive,5,0.691327,1.0
4121,NLVPMVATV,swapped_2763,5,1.1121725e-05,0.0
1689,NLVPMVATV,positive,5,0.03604946,1.0
2460,NLVPMVATV,swapped_1776,5,0.9740468,0.0
4810,GILGFVFTL,10x,5,0.31635922,0.0
6131,SLLMWITQV,10x,5,0.5745533,0.0
469,RMFPNAPYL,10x,5,0.1936108,0.0
5560,RMFPNAPYL,swapped_4502,5,0.0013496991,0.0
6166,GILGFVFTL,10x,5,0.088854104,0.0
4502,GILGFVFTL,positive,5,0.062270667,1.0
5293,GILGFVFTL,10x,5,0.2182153,0.0
3028,GILGFVFTL,positive,5,0.11431078,1.0
1311,NLVPMVATV,swapped_119,5,0.00033158544,0.0
2830,GILGFVFTL,positive,5,0.30986333,1.0
5598,SLLMWITQV,swapped_4214,5,1.2549237e-05,0.0
2790,GILGFVFTL,positive,5,0.018365072,1.0
5151,GILGFVFTL,10x,5,0.2637249,0.0
2070,GILGFVFTL,10x,5,0.30416587,0.0
2739,GILGFVFTL,positive,5,0.025557201,1.0
4078,RTLNAWVKV,swapped_2852,5,0.9937495,0.0
6819,NLVPMVATV,swapped_5937,5,6.310234e-05,0.0
5345,SLLMWITQV,swapped_4178,5,0.31471533,0.0
3760,NLVPMVATV,10x,5,0.8849601,0.0
4991,GILGFVFTL,10x,5,0.42672724,0.0
6853,GLCTLVAML,swapped_5906,5,0.0025454706,0.0
4311,GILGFVFTL,positive,5,0.38144878,1.0
4862,GLCTLVAML,10x,5,0.02187613,0.0
1258,NLVPMVATV,swapped_92,5,0.077348866,0.0
5411,GILGFVFTL,swapped_4174,5,0.86177266,0.0
6429,SLFNTVATL,10x,5,0.31492066,0.0
2794,GILGFVFTL,positive,5,0.09021241,1.0
354,GILGFVFTL,positive,5,0.06481388,1.0
5004,GILGFVFTL,10x,5,0.1909316,0.0
2962,GILGFVFTL,positive,5,0.016611628,1.0
3653,GILGFVFTL,10x,5,0.12955946,0.0
5527,GLCTLVAML,swapped_4186,5,0.62839377,0.0
2801,GILGFVFTL,positive,5,0.12386085,1.0
1837,RMFPNAPYL,10x,5,0.086966984,0.0
3763,GILGFVFTL,10x,5,0.17303951,0.0
1144,GLCTLVAML,swapped_249,5,0.00055256055,0.0
2859,GILGFVFTL,positive,5,0.31158447,1.0
103,GILGFVFTL,positive,5,0.0072259805,1.0
4849,GILGFVFTL,10x,5,0.26186302,0.0
956,RTLNAWVKV,10x,5,0.2665098,0.0
6316,GILGFVFTL,10x,5,0.71729296,0.0
1723,NLVPMVATV,positive,5,0.012820858,1.0
947,GILGFVFTL,10x,5,0.24469607,0.0
169,NLVPMVATV,positive,5,0.009617561,1.0
6487,CLGGLLTMV,10x,5,0.00011008873,0.0
4199,NLVPMVATV,positive,5,0.89250547,1.0
1448,FLYALALLL,swapped_107,5,0.00022250586,0.0
462,GILGFVFTL,10x,5,0.17293328,0.0
137,NLVPMVATV,positive,5,0.32284722,1.0
2239,GILGFVFTL,10x,5,0.3904736,0.0
6479,GILGFVFTL,10x,5,0.6913813,0.0
2159,GILGFVFTL,10x,5,0.47132412,0.0
4906,GILGFVFTL,10x,5,0.5056724,0.0
757,GLCTLVAML,10x,5,0.007523908,0.0
3096,GILGFVFTL,10x,5,0.48469532,0.0
1749,GILGFVFTL,positive,5,0.4084348,1.0
331,GILGFVFTL,positive,5,0.14230244,1.0
3495,GLCTLVAML,10x,5,0.0036657073,0.0
661,SLFNTVATL,10x,5,0.28347573,0.0
352,GILGFVFTL,positive,5,0.25447688,1.0
537,GILGFVFTL,10x,5,0.7165509,0.0
3533,GILGFVFTL,10x,5,0.36326542,0.0
6709,GILGFVFTL,swapped_5755,5,0.75853425,0.0
3914,GLCTLVAML,swapped_2882,5,0.00037840824,0.0
3946,NLVPMVATV,swapped_2798,5,7.002245e-05,0.0
336,GILGFVFTL,positive,5,0.019787915,1.0
3252,GLCTLVAML,10x,5,0.044286773,0.0
397,RMFPNAPYL,10x,5,0.15225849,0.0
6801,GILGFVFTL,swapped_5882,5,0.024910215,0.0
6402,GILGFVFTL,10x,5,0.27024674,0.0
3674,GILGFVFTL,10x,5,0.0494965,0.0
4960,RTLNAWVKV,10x,5,0.2551764,0.0
2072,NLVPMVATV,10x,5,0.15804735,0.0
3848,GLCTLVAML,swapped_2973,5,3.9949082e-05,0.0
3702,GLCTLVAML,10x,5,0.015797233,0.0
734,SLLMWITQV,10x,5,0.56749725,0.0
2977,GILGFVFTL,positive,5,0.013886445,1.0
1850,GILGFVFTL,10x,5,0.71448374,0.0
3941,GLCTLVAML,swapped_2789,5,0.0402428,0.0
4129,GLCTLVAML,swapped_2711,5,0.0032824245,0.0
2317,GILGFVFTL,10x,5,0.48617482,0.0
4753,GILGFVFTL,10x,5,0.10345003,0.0
1375,GLCTLVAML,swapped_272,5,0.0009741519,0.0
2792,GILGFVFTL,positive,5,0.05629544,1.0
5946,GILGFVFTL,positive,5,0.077170946,1.0
96,GILGFVFTL,positive,5,0.483039,1.0
3560,GILGFVFTL,10x,5,0.55168664,0.0
5159,GILGFVFTL,10x,5,0.5959722,0.0
18,GLCTLVAML,positive,5,0.9966112,1.0
2901,GILGFVFTL,positive,5,0.17526023,1.0
926,GILGFVFTL,10x,5,0.7121139,0.0
4783,GILGFVFTL,10x,5,0.53234303,0.0
1455,GLCTLVAML,swapped_58,5,0.0026244747,0.0
845,GILGFVFTL,10x,5,0.45142546,0.0
5116,GILGFVFTL,10x,5,0.5164521,0.0
422,GILGFVFTL,10x,5,0.2277579,0.0
1727,GILGFVFTL,positive,5,0.009314962,1.0
4236,GLCTLVAML,positive,5,0.3849963,1.0
3140,GLCTLVAML,10x,5,0.13050652,0.0
5195,GILGFVFTL,10x,5,0.5783914,0.0
1926,KTWGQYWQV,10x,5,0.07623833,0.0
3068,GILGFVFTL,10x,5,0.38260242,0.0
4005,NLVPMVATV,swapped_3044,5,3.305207e-05,0.0
4374,GILGFVFTL,positive,5,0.011185786,1.0
5640,NLVPMVATV,swapped_4273,5,1.0561494e-05,0.0
2551,GILGFVFTL,swapped_1777,5,0.2492536,0.0
5337,FLYALALLL,swapped_4201,5,0.982156,0.0
4535,GLCTLVAML,positive,5,0.99727017,1.0
4818,NLVPMVATV,10x,5,0.017425822,0.0
5594,GILGFVFTL,swapped_4223,5,0.11035362,0.0
6715,GLCTLVAML,swapped_5990,5,2.2206164e-05,0.0
1929,GILGFVFTL,10x,5,0.19656509,0.0
1491,GILGFVFTL,swapped_73,5,0.028444862,0.0
4041,NLVPMVATV,swapped_2799,5,0.0003892705,0.0
4214,GILGFVFTL,positive,5,0.010750968,1.0
4521,GILGFVFTL,positive,5,0.025105841,1.0
1137,GLCTLVAML,10x,5,0.00016253388,0.0
5367,NLVPMVATV,swapped_4390,5,0.0016879748,0.0
1778,GILGFVFTL,positive,5,0.022463853,1.0
6418,GILGFVFTL,10x,5,0.47628713,0.0
1393,KLQCVDLHV,swapped_349,5,0.8025957,0.0
6905,RMFPNAPYL,swapped_5902,5,0.015102133,0.0
100,GILGFVFTL,positive,5,0.09580266,1.0
3261,GILGFVFTL,10x,5,0.5863373,0.0
2282,GLCTLVAML,10x,5,0.90085787,0.0
4131,KTWGQYWQV,swapped_2811,5,0.00029180179,0.0
4623,LLFGYPVYV,10x,5,0.32598808,0.0
6018,RMFPNAPYL,10x,5,0.067637175,0.0
5229,GILGFVFTL,10x,5,0.27790537,0.0
3047,GILGFVFTL,positive,5,0.01954201,1.0
1154,GILGFVFTL,swapped_65,5,0.36414984,0.0
178,GILGFVFTL,positive,5,0.19993523,1.0
3783,GILGFVFTL,10x,5,0.16884403,0.0
5662,FLYALALLL,swapped_4431,5,0.0019536,0.0
3642,GILGFVFTL,10x,5,0.50844646,0.0
4281,GILGFVFTL,positive,5,0.015524004,1.0
986,GILGFVFTL,10x,5,0.6691641,0.0
3222,GILGFVFTL,10x,5,0.49396893,0.0
3756,GILGFVFTL,10x,5,0.024627516,0.0
22,FLYALALLL,positive,5,0.5987145,1.0
3579,LLFGYPVYV,10x,5,0.008661562,0.0
1592,GLCTLVAML,positive,5,0.99707556,1.0
5286,GILGFVFTL,10x,5,0.462482,0.0
6338,GILGFVFTL,10x,5,0.12863827,0.0
4505,GLCTLVAML,positive,5,0.9617066,1.0
2804,FLYALALLL,positive,5,0.088509746,1.0
463,GILGFVFTL,10x,5,0.55061084,0.0
3326,GILGFVFTL,10x,5,0.46607107,0.0
1939,GILGFVFTL,10x,5,0.05928014,0.0
1169,RTLNAWVKV,swapped_47,5,0.17437766,0.0
4464,NLVPMVATV,positive,5,0.049073637,1.0
1148,NLVPMVATV,swapped_293,5,0.000280374,0.0
1253,FLYALALLL,swapped_247,5,0.0030909877,0.0
1891,GILGFVFTL,10x,5,0.48781687,0.0
5969,GILGFVFTL,positive,5,0.14080423,1.0
34,GILGFVFTL,positive,5,0.06607031,1.0
5720,GILGFVFTL,positive,5,0.19215626,1.0
2066,GILGFVFTL,10x,5,0.44140366,0.0
1381,NLVPMVATV,swapped_289,5,0.00019306163,0.0
4887,GILGFVFTL,10x,5,0.5585861,0.0
5032,GILGFVFTL,10x,5,0.50413334,0.0
6201,GILGFVFTL,10x,5,0.06691641,0.0
3369,NLVPMVATV,10x,5,0.004210463,0.0
4606,GILGFVFTL,10x,5,0.7028023,0.0
3112,NLVPMVATV,10x,5,0.005454883,0.0
348,GILGFVFTL,positive,5,0.067508616,1.0
3126,GILGFVFTL,10x,5,0.26438624,0.0
3292,SLFNTVATL,10x,5,0.033307504,0.0
1852,GILGFVFTL,10x,5,0.45118022,0.0
2492,KTWGQYWQV,swapped_1709,5,0.0015846783,0.0
1361,NLVPMVATV,swapped_317,5,0.00018462341,0.0
5902,GILGFVFTL,positive,5,0.2689046,1.0
5677,GLCTLVAML,swapped_4354,5,4.998722e-05,0.0
6160,GILGFVFTL,10x,5,0.15239255,0.0
320,GILGFVFTL,positive,5,0.3213517,1.0
217,GILGFVFTL,positive,5,0.10023738,1.0
3056,GILGFVFTL,positive,5,0.4427708,1.0
4921,GILGFVFTL,10x,5,0.70666665,0.0
4771,GILGFVFTL,10x,5,0.44175687,0.0
6104,GILGFVFTL,10x,5,0.030048942,0.0
4908,GLCTLVAML,10x,5,0.17822981,0.0
6281,NLVPMVATV,10x,5,0.015581869,0.0
4170,NLVPMVATV,swapped_2900,5,0.008514176,0.0
2162,GILGFVFTL,10x,5,0.110876225,0.0
6170,GILGFVFTL,10x,5,0.4625848,0.0
1453,GLCTLVAML,swapped_100,5,0.0018576389,0.0
3802,GILGFVFTL,10x,5,0.5014095,0.0
4976,GILGFVFTL,10x,5,0.45088622,0.0
3983,KVLEYVIKV,swapped_2888,5,0.08717096,0.0
3039,GILGFVFTL,positive,5,0.016982118,1.0
5295,GILGFVFTL,10x,5,0.87224084,0.0
1274,LLFGYPVYV,swapped_263,5,0.05060228,0.0
6162,GILGFVFTL,10x,5,0.27932954,0.0
1720,GILGFVFTL,positive,5,0.4685252,1.0
4561,GILGFVFTL,10x,5,0.3602235,0.0
504,GILGFVFTL,10x,5,0.5256509,0.0
4780,GILGFVFTL,10x,5,0.25697237,0.0
1890,GLCTLVAML,10x,5,0.13563491,0.0
480,GILGFVFTL,10x,5,0.51947725,0.0
3636,IMDQVPFSV,10x,5,0.19851635,0.0
5693,GLCTLVAML,swapped_4205,5,0.0112254275,0.0
2001,NLVPMVATV,10x,5,0.014528361,0.0
3447,GILGFVFTL,10x,5,0.80830663,0.0
2761,GILGFVFTL,positive,5,0.013061198,1.0
2882,GILGFVFTL,positive,5,0.025714137,1.0
3481,GILGFVFTL,10x,5,0.72843224,0.0
4043,GLCTLVAML,swapped_2892,5,0.680282,0.0
2892,GILGFVFTL,positive,5,0.52020603,1.0
2646,NLVPMVATV,swapped_1625,5,0.013000748,0.0
2486,GLCTLVAML,swapped_1702,5,1.7576642e-05,0.0
5748,GILGFVFTL,positive,5,0.11586809,1.0
1992,GILGFVFTL,10x,5,0.45045418,0.0
1521,FLYALALLL,swapped_103,5,9.36763e-07,0.0
2200,KTWGQYWQV,10x,5,0.63139236,0.0
5792,NLVPMVATV,positive,5,0.34989974,1.0
2916,GILGFVFTL,positive,5,0.013254696,1.0
2477,GILGFVFTL,swapped_1704,5,0.69450104,0.0
5112,GILGFVFTL,10x,5,0.46429166,0.0
6127,GILGFVFTL,10x,5,0.44614702,0.0
3988,GILGFVFTL,swapped_3008,5,0.70009714,0.0
308,GILGFVFTL,positive,5,0.0133034745,1.0
664,GILGFVFTL,10x,5,0.17573619,0.0
1552,GLCTLVAML,positive,5,0.6998415,1.0
2494,GILGFVFTL,swapped_1592,5,0.98789024,0.0
4439,GLCTLVAML,positive,5,0.28052017,1.0
4699,GLCTLVAML,10x,5,0.016255768,0.0
2895,GILGFVFTL,positive,5,0.022161178,1.0
6903,RTLNAWVKV,swapped_5717,5,0.0026652452,0.0
2051,NLVPMVATV,10x,5,0.6405737,0.0
4015,NLVPMVATV,swapped_2898,5,0.94869715,0.0
4090,GLCTLVAML,swapped_3019,5,1.29224345e-05,0.0
3287,GILGFVFTL,10x,5,0.11828759,0.0
2297,GILGFVFTL,10x,5,0.1214113,0.0
854,GLCTLVAML,10x,5,0.54463345,0.0
132,FLYALALLL,positive,5,0.0030712397,1.0
4424,GILGFVFTL,positive,5,0.017260967,1.0
3567,NLVPMVATV,10x,5,0.013417406,0.0
578,GLCTLVAML,10x,5,0.5689892,0.0
3160,RMFPNAPYL,10x,5,0.85766387,0.0
5604,GLCTLVAML,swapped_4397,5,0.001328956,0.0
3346,GLCTLVAML,10x,5,0.01732483,0.0
4463,GILGFVFTL,positive,5,0.013879453,1.0
3717,GILGFVFTL,10x,5,0.5754045,0.0
6016,GILGFVFTL,10x,5,0.8598728,0.0
3303,GILGFVFTL,10x,5,0.5047427,0.0
3999,GILGFVFTL,swapped_2869,5,0.8390123,0.0
3286,NLVPMVATV,10x,5,0.030939382,0.0
684,GLCTLVAML,10x,5,0.015392433,0.0
1127,GILGFVFTL,10x,5,0.089800134,0.0
187,GILGFVFTL,positive,5,0.09292767,1.0
4056,RMFPNAPYL,swapped_2853,5,0.0001533919,0.0
5740,GLCTLVAML,positive,5,0.053669527,1.0
3576,GILGFVFTL,10x,5,0.3743442,0.0
645,YLLEMLWRL,10x,5,0.33827,0.0
3101,GILGFVFTL,10x,5,0.3368453,0.0
1354,GILGFVFTL,swapped_166,5,0.6267409,0.0
4905,GILGFVFTL,10x,5,0.43543196,0.0
2185,NLVPMVATV,10x,5,0.7544084,0.0
2781,GILGFVFTL,positive,5,0.050572153,1.0
6594,GLCTLVAML,10x,5,0.5107797,0.0
2592,RTLNAWVKV,swapped_1713,5,0.0009120565,0.0
4716,GLCTLVAML,10x,5,0.0141331,0.0
934,GILGFVFTL,10x,5,0.47472277,0.0
4634,GILGFVFTL,10x,5,0.63863003,0.0
1677,GILGFVFTL,positive,5,0.14462112,1.0
3524,GILGFVFTL,10x,5,0.5059244,0.0
4178,GILGFVFTL,positive,5,0.5750667,1.0
3812,GLCTLVAML,swapped_3039,5,0.0001839285,0.0
6120,GLCTLVAML,10x,5,0.09868321,0.0
242,GILGFVFTL,positive,5,0.23770827,1.0
5369,GLCTLVAML,swapped_4185,5,0.009374302,0.0
1168,GLCTLVAML,swapped_287,5,5.096258e-05,0.0
1138,NLVPMVATV,10x,5,0.5158737,0.0
2900,GILGFVFTL,positive,5,0.13610783,1.0
1214,NLVPMVATV,swapped_241,5,5.9214153e-06,0.0
861,GILGFVFTL,10x,5,0.3655874,0.0
4824,GILGFVFTL,10x,5,0.47492683,0.0
6001,GLCTLVAML,positive,5,0.968627,1.0
4802,GILGFVFTL,10x,5,0.4510403,0.0
6423,NLVPMVATV,10x,5,0.5478132,0.0
3606,GILGFVFTL,10x,5,0.36248028,0.0
685,GILGFVFTL,10x,5,0.46085885,0.0
6612,GLCTLVAML,swapped_5875,5,0.0057278727,0.0
5013,GILGFVFTL,10x,5,0.53701335,0.0
4257,GILGFVFTL,positive,5,0.34955302,1.0
4174,GLCTLVAML,positive,5,0.95630544,1.0
349,GILGFVFTL,positive,5,0.62518495,1.0
5683,RMFPNAPYL,swapped_4364,5,0.0024618206,0.0
565,GILGFVFTL,10x,5,0.3033881,0.0
6013,NLVPMVATV,10x,5,0.70409304,0.0
443,KTWGQYWQV,10x,5,0.48292276,0.0
263,GILGFVFTL,positive,5,0.25639495,1.0
2923,GILGFVFTL,positive,5,0.46860376,1.0
1272,GLCTLVAML,swapped_309,5,0.00013406365,0.0
4274,KTWGQYWQV,positive,5,0.41972563,1.0
3701,GILGFVFTL,10x,5,0.5622074,0.0
5825,GILGFVFTL,positive,5,0.040950503,1.0
289,GILGFVFTL,positive,5,0.07228249,1.0
73,KVLEYVIKV,positive,5,0.00083005376,1.0
2377,SLFNTVATL,10x,5,0.019183282,0.0
6305,GILGFVFTL,10x,5,0.3675739,0.0
21,GILGFVFTL,positive,5,0.040218998,1.0
667,LLFGYPVYV,10x,5,0.49637052,0.0
210,GLCTLVAML,positive,5,0.5251937,1.0
339,GLCTLVAML,positive,5,0.99330515,1.0
6368,NLVPMVATV,10x,5,0.04997009,0.0
4515,GILGFVFTL,positive,5,0.29424495,1.0
1596,GILGFVFTL,positive,5,0.57744735,1.0
6360,GILGFVFTL,10x,5,0.2735112,0.0
2763,GILGFVFTL,positive,5,0.011727953,1.0
167,GILGFVFTL,positive,5,0.086530365,1.0
3390,GILGFVFTL,10x,5,0.28684375,0.0
4312,GILGFVFTL,positive,5,0.38283008,1.0
915,GILGFVFTL,10x,5,0.09547923,0.0
6531,GILGFVFTL,10x,5,0.23172054,0.0
5448,GLCTLVAML,swapped_4240,5,0.0055638826,0.0
4451,IMDQVPFSV,positive,5,0.04398375,1.0
5809,GILGFVFTL,positive,5,0.06853594,1.0
1244,NLVPMVATV,swapped_150,5,0.00089095393,0.0
1964,GILGFVFTL,10x,5,0.010146787,0.0
3181,GILGFVFTL,10x,5,0.19876294,0.0
5878,LLFGYPVYV,positive,5,0.79622644,1.0
5105,GILGFVFTL,10x,5,0.45177218,0.0
4870,GILGFVFTL,10x,5,0.6277887,0.0
4613,GILGFVFTL,10x,5,0.490663,0.0
4830,GLCTLVAML,10x,5,0.33754158,0.0
1690,GLCTLVAML,positive,5,0.93790036,1.0
6302,NLVPMVATV,10x,5,0.005576426,0.0
19,GILGFVFTL,positive,5,0.15401587,1.0
5965,GILGFVFTL,positive,5,0.020007925,1.0
6237,GLCTLVAML,10x,5,0.2729783,0.0
5862,GILGFVFTL,positive,5,0.5586519,1.0
5363,GLCTLVAML,swapped_4312,5,0.0032716126,0.0
6353,GILGFVFTL,10x,5,0.4002018,0.0
2059,GILGFVFTL,10x,5,0.45394483,0.0
6004,GILGFVFTL,positive,5,0.16292644,1.0
3918,GLCTLVAML,swapped_2790,5,0.00016227047,0.0
2053,GILGFVFTL,10x,5,0.27263805,0.0
312,GILGFVFTL,positive,5,0.08563984,1.0
4719,GILGFVFTL,10x,5,0.4468501,0.0
6079,GILGFVFTL,10x,5,0.51465714,0.0
1176,RTLNAWVKV,swapped_242,5,0.01241796,0.0
2273,NLVPMVATV,10x,5,0.27976713,0.0
5479,GILGFVFTL,swapped_4342,5,0.95332986,0.0
3169,GILGFVFTL,10x,5,0.11878297,0.0
3692,GILGFVFTL,10x,5,0.0681517,0.0
6178,NLVPMVATV,10x,5,0.93408364,0.0
171,MLDLQPETT,positive,5,0.26364362,1.0
4627,GILGFVFTL,10x,5,0.13582528,0.0
6518,GILGFVFTL,10x,5,0.55797595,0.0
92,GILGFVFTL,positive,5,0.56822866,1.0
1099,GILGFVFTL,10x,5,0.22430623,0.0
4737,GILGFVFTL,10x,5,0.15937416,0.0
3332,GILGFVFTL,10x,5,0.4397798,0.0
890,GILGFVFTL,10x,5,0.26918474,0.0
6339,GILGFVFTL,10x,5,0.5556448,0.0
3409,GILGFVFTL,10x,5,0.7292651,0.0
2897,GLCTLVAML,positive,5,0.10287406,1.0
6703,GILGFVFTL,swapped_6001,5,0.8896802,0.0
121,GILGFVFTL,positive,5,0.41353226,1.0
3948,GILGFVFTL,swapped_2699,5,0.8892185,0.0
2674,NLVPMVATV,swapped_1788,5,0.009867343,0.0
5870,GILGFVFTL,positive,5,0.07689914,1.0
1210,GILGFVFTL,swapped_339,5,0.9744922,0.0
41,GILGFVFTL,positive,5,0.19016123,1.0
4367,GLCTLVAML,positive,5,0.17240985,1.0
4083,GLCTLVAML,swapped_2859,5,0.043180842,0.0
2731,GILGFVFTL,positive,5,0.023793358,1.0
2329,NLVPMVATV,10x,5,0.0069871508,0.0
6576,FLYALALLL,10x,5,0.0035361669,0.0
1766,GILGFVFTL,positive,5,0.14675549,1.0
4215,GILGFVFTL,positive,5,0.09180325,1.0
5680,GLCTLVAML,swapped_4522,5,0.00015940862,0.0
1474,NLVPMVATV,swapped_21,5,0.0002689204,0.0
2533,GILGFVFTL,swapped_1689,5,0.38335717,0.0
1970,GILGFVFTL,10x,5,0.2897957,0.0
1164,GLCTLVAML,swapped_42,5,0.0013228656,0.0
6169,GILGFVFTL,10x,5,0.15958512,0.0
6708,GLCTLVAML,swapped_5825,5,0.00010170061,0.0
3837,NLVPMVATV,swapped_2974,5,0.0025814027,0.0
4610,GILGFVFTL,10x,5,0.64928395,0.0
3347,GILGFVFTL,10x,5,0.52550554,0.0
1465,GLCTLVAML,swapped_35,5,0.34725437,0.0
5080,GILGFVFTL,10x,5,0.613173,0.0
669,GILGFVFTL,10x,5,0.18371533,0.0
6387,NLVPMVATV,10x,5,0.8671153,0.0
6808,NLVPMVATV,swapped_5945,5,0.00072668,0.0
1371,LLFGYPVYV,swapped_38,5,0.07907243,0.0
3591,NLVPMVATV,10x,5,0.13074298,0.0
576,GILGFVFTL,10x,5,0.50222546,0.0
5696,NLVPMVATV,swapped_4228,5,0.931246,0.0
4911,LLFGYPVYV,10x,5,0.06607561,0.0
2274,GILGFVFTL,10x,5,0.08174412,0.0
3971,GLCTLVAML,swapped_2831,5,1.3073188e-05,0.0
5990,GILGFVFTL,positive,5,0.014660197,1.0
4316,GILGFVFTL,positive,5,0.19461913,1.0
3278,GLCTLVAML,10x,5,0.0040550004,0.0
3231,RTLNAWVKV,10x,5,0.81336504,0.0
887,GLCTLVAML,10x,5,0.016133236,0.0
1807,FLYALALLL,positive,5,0.2601436,1.0
3135,GILGFVFTL,10x,5,0.016862802,0.0
5717,GILGFVFTL,positive,5,0.110003754,1.0
876,GLCTLVAML,10x,5,0.76773536,0.0
1245,RTLNAWVKV,swapped_234,5,0.6520665,0.0
3436,GILGFVFTL,10x,5,0.18872534,0.0
38,GILGFVFTL,positive,5,0.2652101,1.0
6874,GILGFVFTL,swapped_5970,5,0.5088333,0.0
471,GILGFVFTL,10x,5,0.57893777,0.0
2689,GLCTLVAML,swapped_1749,5,0.10699385,0.0
3008,GLCTLVAML,positive,5,0.8842536,1.0
4396,NLVPMVATV,positive,5,0.00039089497,1.0
3122,GILGFVFTL,10x,5,0.43299237,0.0
5882,SLLMWITQV,positive,5,0.0011635742,1.0
1624,GILGFVFTL,positive,5,0.4260888,1.0
5658,GLCTLVAML,swapped_4252,5,0.0013518358,0.0
4185,GILGFVFTL,positive,5,0.47825435,1.0
2811,GILGFVFTL,positive,5,0.02457463,1.0
1345,GLCTLVAML,swapped_365,5,0.001392219,0.0
1714,NLVPMVATV,positive,5,0.383662,1.0
234,FLYALALLL,positive,5,0.6499911,1.0
689,GLCTLVAML,10x,5,0.051297095,0.0
6696,GLCTLVAML,swapped_5707,5,5.846137e-06,0.0
6632,NLVPMVATV,swapped_5795,5,0.0001708653,0.0
3250,GLCTLVAML,10x,5,0.0010341174,0.0
4067,NLVPMVATV,swapped_2808,5,4.8378617e-05,0.0
4290,LLFGYPVYV,positive,5,0.14937487,1.0
4587,GILGFVFTL,10x,5,0.19670084,0.0
2948,NLVPMVATV,positive,5,0.015859988,1.0
6274,GILGFVFTL,10x,5,0.4274667,0.0
1872,GILGFVFTL,10x,5,0.20593211,0.0
1922,GILGFVFTL,10x,5,0.569259,0.0
2328,GILGFVFTL,10x,5,0.16768253,0.0
830,GILGFVFTL,10x,5,0.09514867,0.0
991,GLCTLVAML,swapped_73,5,0.0008421523,0.0
5530,GLCTLVAML,swapped_4445,5,0.023601612,0.0
3195,GILGFVFTL,10x,5,0.56680524,0.0
5790,FLYALALLL,positive,5,0.1182996,1.0
3586,GLCTLVAML,10x,5,0.10367648,0.0
4240,GILGFVFTL,positive,5,0.28283942,1.0
4944,GILGFVFTL,10x,5,0.42772087,0.0
5540,GILGFVFTL,swapped_4512,5,0.5654822,0.0
2469,MLDLQPETT,swapped_1726,5,0.030985205,0.0
86,GILGFVFTL,positive,5,0.13182996,1.0
3954,GLCTLVAML,swapped_2851,5,0.02573483,0.0
3106,NLVPMVATV,10x,5,0.0026678373,0.0
6257,GILGFVFTL,10x,5,0.049185015,0.0
4375,GILGFVFTL,positive,5,0.014286365,1.0
1006,GILGFVFTL,10x,5,0.57642466,0.0
5539,GLCTLVAML,swapped_4463,5,3.3753604e-05,0.0
671,GILGFVFTL,10x,5,0.07306732,0.0
151,GILGFVFTL,positive,5,0.045963384,1.0
2789,GILGFVFTL,positive,5,0.300956,1.0
